{
"lengthUnit": "mil",
"components": {
	"fields": ["COMPONENT_NO", "COMPONENT_NAME", "LAYER", "X_COORDINATE", "Y_COORDINATE", "ANGLE"],
	"rows": [
		[1, "C1", "T", 9800, 4225, 90],
		[2, "C2", "T", 9470, 4225, 90],
		[3, "C3", "T", 9089.49, 4410, 180],
		[4, "C4", "T", 9030, 4220.51, 90],
		[5, "C5", "T", 9360, 4220.51, 90],
		[6, "C6", "T", 9250, 4220.51, 90],
		[7, "C7", "T", 9140, 4219.49, 90],
		[8, "J1", "T", 550, 4650, 270],
		[9, "J2", "T", 1000, 4650, 90],
		[10, "J3", "T", 1400, 4650, 90],
		[11, "J4", "T", 9600, 4451.32, 180],
		[12, "J5", "T", 333, 4512, 0],
		[13, "J6", "T", 8835, 4650, 90],
		[14, "R1", "T", 800, 4650, 180],
		[15, "R2", "T", 250, 4650, 0],
		[16, "R3", "T", 9700, 4225, 270],
		[17, "R4", "T", 9625, 4225, 270],
		[18, "SW0_0", "T", 375, 3375, 0],
		[19, "SW0_1", "T", 1125, 3375, 0],
		[20, "SW0_2", "T", 1875, 3375, 0],
		[21, "SW0_3", "T", 2625, 3375, 0],
		[22, "SW0_4", "T", 3375, 3375, 0],
		[23, "SW0_5", "T", 4120, 3380, 0],
		[24, "SW0_6", "T", 4875, 3375, 0],
		[25, "SW0_7", "T", 5625, 3375, 0],
		[26, "SW0_8", "T", 6375, 3375, 0],
		[27, "SW0_9", "T", 7125, 3375, 0],
		[28, "SW0_10", "T", 7875, 3375, 0],
		[29, "SW0_11", "T", 8625, 3375, 0],
		[30, "SW0_12", "T", 9375, 3375, 0],
		[31, "SW0_13-14", "T", 10500, 3375, 0],
		[32, "SW1", "T", 9954.7, 4398.4, 0],
		[33, "SW1_0", "T", 562.5, 2625, 0],
		[34, "SW1_1", "T", 1500, 2625, 0],
		[35, "SW1_2", "T", 2250, 2625, 0],
		[36, "SW1_3", "T", 3000, 2625, 0],
		[37, "SW1_4", "T", 3750, 2625, 0],
		[38, "SW1_5", "T", 4500, 2625, 0],
		[39, "SW1_6", "T", 5250, 2625, 0],
		[40, "SW1_7", "T", 6000, 2625, 0],
		[41, "SW1_8", "T", 6750, 2625, 0],
		[42, "SW1_9", "T", 7500, 2625, 0],
		[43, "SW1_10", "T", 8250, 2625, 0],
		[44, "SW1_11", "T", 9000, 2625, 0],
		[45, "SW1_12", "T", 9750, 2625, 0],
		[46, "SW1_13", "T", 10687.5, 2625, 0],
		[47, "SW2_0", "T", 656.25, 1875, 0],
		[48, "SW2_1", "T", 1687.5, 1875, 0],
		[49, "SW2_2", "T", 2437.5, 1875, 0],
		[50, "SW2_3", "T", 3187.5, 1870, 0],
		[51, "SW2_4", "T", 3937.5, 1875, 0],
		[52, "SW2_5", "T", 4687.5, 1875, 0],
		[53, "SW2_6", "T", 5437.5, 1875, 0],
		[54, "SW2_7", "T", 6187.5, 1875, 0],
		[55, "SW2_8", "T", 6937.5, 1875, 0],
		[56, "SW2_9", "T", 7687.5, 1875, 0],
		[57, "SW2_10", "T", 8437.5, 1875, 0],
		[58, "SW2_11", "T", 9187.5, 1875, 0],
		[59, "SW2_12", "T", 10406.25, 1875, 0],
		[60, "SW3_0-1", "T", 843.75, 1125, 0],
		[61, "SW3_2", "T", 2062.5, 1125, 0],
		[62, "SW3_3", "T", 2812.5, 1125, 0],
		[63, "SW3_4", "T", 3562.5, 1125, 0],
		[64, "SW3_5", "T", 4312.5, 1125, 0],
		[65, "SW3_6", "T", 5062.5, 1125, 0],
		[66, "SW3_7", "T", 5812.5, 1125, 0],
		[67, "SW3_8", "T", 6562.5, 1125, 0],
		[68, "SW3_9", "T", 7312.5, 1125, 0],
		[69, "SW3_10", "T", 8062.5, 1125, 0],
		[70, "SW3_11", "T", 8812.5, 1125, 0],
		[71, "SW3_12-13", "T", 10218.75, 1125, 0],
		[72, "SW4_0", "T", 468.75, 375, 0],
		[73, "SW4_1", "T", 1406.25, 375, 0],
		[74, "SW4_2", "T", 2343.75, 375, 0],
		[75, "SW4_3", "T", 5156.25, 375, 180],
		[76, "SW4_4-8", "T", 9375, 375, 0],
		[77, "U1", "T", 9700, 4000, 180],
		[78, "U2", "T", 5625, 4250, 45]
	]
},
"pins": {
	"fields": ["PIN_NO", "PIN_NAME", "PIN_X", "PIN_Y", "LAYER", "PIN_TYPE", "NET_NAME", "NET_TYPE", "PAD_SHAPE", "PAD_SIZEX", "PAD_SIZEY", "HOLE_SIZE", "PAD_ANGLE"],
	"rows": [
		[1, "C1_1", 9800, 4194.49, "T", "SMD", "+5V", "", "R", 35.43, 37.4, 0, 90],
		[2, "C1_2", 9800, 4255.51, "T", "SMD", "GND", "GND", "R", 35.43, 37.4, 0, 90],
		[3, "C2_1", 9470, 4194.49, "T", "SMD", "+3V3", "", "R", 35.43, 37.4, 0, 90],
		[4, "C2_2", 9470, 4255.51, "T", "SMD", "GND", "GND", "R", 35.43, 37.4, 0, 90],
		[5, "C3_1", 9120, 4410, "T", "SMD", "+5V", "", "R", 35.43, 37.4, 0, 180],
		[6, "C3_2", 9058.98, 4410, "T", "SMD", "GND", "GND", "R", 35.43, 37.4, 0, 180],
		[7, "C4_1", 9030, 4190, "T", "SMD", "+3V3", "", "R", 35.43, 37.4, 0, 90],
		[8, "C4_2", 9030, 4251.02, "T", "SMD", "GND", "GND", "R", 35.43, 37.4, 0, 90],
		[9, "C5_1", 9360, 4190, "T", "SMD", "+3V3", "", "R", 35.43, 37.4, 0, 90],
		[10, "C5_2", 9360, 4251.02, "T", "SMD", "GND", "GND", "R", 35.43, 37.4, 0, 90],
		[11, "C6_1", 9250, 4190, "T", "SMD", "+3V3", "", "R", 35.43, 37.4, 0, 90],
		[12, "C6_2", 9250, 4251.02, "T", "SMD", "GND", "GND", "R", 35.43, 37.4, 0, 90],
		[13, "C7_1", 9140, 4188.98, "T", "SMD", "+3V3", "", "R", 35.43, 37.4, 0, 90],
		[14, "C7_2", 9140, 4250, "T", "SMD", "GND", "GND", "R", 35.43, 37.4, 0, 90],
		[15, "J1_1", 550, 4650, "T", "DIP", "+3V3", "", "R", 66.93, 66.93, 39.37, 270],
		[16, "J1_1", 550, 4650, "B", "DIP", "+3V3", "", "R", 66.93, 66.93, 39.37, 270],
		[17, "J1_2", 450, 4650, "T", "DIP", "BOOT", "", "C", 66.93, 66.93, 39.37, 270],
		[18, "J1_2", 450, 4650, "B", "DIP", "BOOT", "", "C", 66.93, 66.93, 39.37, 270],
		[19, "J2_1", 1000, 4650, "T", "DIP", "RESET", "", "R", 66.93, 66.93, 39.37, 90],
		[20, "J2_1", 1000, 4650, "B", "DIP", "RESET", "", "R", 66.93, 66.93, 39.37, 90],
		[21, "J2_2", 1100, 4650, "T", "DIP", "GND", "GND", "C", 66.93, 66.93, 39.37, 90],
		[22, "J2_2", 1100, 4650, "B", "DIP", "GND", "GND", "C", 66.93, 66.93, 39.37, 90],
		[23, "J3_1", 1400, 4650, "T", "DIP", "+3V3", "", "R", 66.93, 66.93, 39.37, 90],
		[24, "J3_1", 1400, 4650, "B", "DIP", "+3V3", "", "R", 66.93, 66.93, 39.37, 90],
		[25, "J3_2", 1500, 4650, "T", "DIP", "SWCLK", "", "C", 66.93, 66.93, 39.37, 90],
		[26, "J3_2", 1500, 4650, "B", "DIP", "SWCLK", "", "C", 66.93, 66.93, 39.37, 90],
		[27, "J3_3", 1600, 4650, "T", "DIP", "SWDIO", "", "C", 66.93, 66.93, 39.37, 90],
		[28, "J3_3", 1600, 4650, "B", "DIP", "SWDIO", "", "C", 66.93, 66.93, 39.37, 90],
		[29, "J3_4", 1700, 4650, "T", "DIP", "RESET", "", "C", 66.93, 66.93, 39.37, 90],
		[30, "J3_4", 1700, 4650, "B", "DIP", "RESET", "", "C", 66.93, 66.93, 39.37, 90],
		[31, "J3_5", 1800, 4650, "T", "DIP", "GND", "GND", "C", 66.93, 66.93, 39.37, 90],
		[32, "J3_5", 1800, 4650, "B", "DIP", "GND", "GND", "C", 66.93, 66.93, 39.37, 90],
		[33, "J4_999", 9713.78, 4508.21, "T", "DIP", "J4_", "", "C", 25.59, 25.59, 25.59, 180],
		[34, "J4_999", 9713.78, 4508.21, "B", "DIP", "J4_", "", "C", 25.59, 25.59, 25.59, 180],
		[35, "J4_999", 9486.22, 4508.21, "T", "DIP", "J4_A_", "", "C", 25.59, 25.59, 25.59, 180],
		[36, "J4_999", 9486.22, 4508.21, "B", "DIP", "J4_A_", "", "C", 25.59, 25.59, 25.59, 180],
		[37, "J4_A1", 9725.98, 4451.32, "T", "SMD", "GND", "GND", "R", 23.62, 57.09, 0, 180],
		[38, "J4_A12", 9725.98, 4451.32, "T", "SMD", "GND", "GND", "R", 23.62, 57.09, 0, 180],
		[39, "J4_A4", 9694.49, 4451.32, "T", "SMD", "+5V", "", "R", 23.62, 57.09, 0, 180],
		[40, "J4_A5", 9649.21, 4451.32, "T", "SMD", "NET-(J4-PADA5)", "", "R", 11.81, 57.09, 0, 180],
		[41, "J4_A6", 9609.84, 4451.32, "T", "SMD", "D_P", "", "R", 11.81, 57.09, 0, 180],
		[42, "J4_A7", 9590.16, 4451.32, "T", "SMD", "D_N", "", "R", 11.81, 57.09, 0, 180],
		[43, "J4_A8", 9550.79, 4451.32, "T", "SMD", "UNCONNECTED-(J4-PADA8)", "", "R", 11.81, 57.09, 0, 180],
		[44, "J4_A9", 9694.49, 4451.32, "T", "SMD", "+5V", "", "R", 23.62, 57.09, 0, 180],
		[45, "J4_B1", 9474.02, 4451.32, "T", "SMD", "GND", "GND", "R", 23.62, 57.09, 0, 180],
		[46, "J4_B12", 9474.02, 4451.32, "T", "SMD", "GND", "GND", "R", 23.62, 57.09, 0, 180],
		[47, "J4_B4", 9505.51, 4451.32, "T", "SMD", "+5V", "", "R", 23.62, 57.09, 0, 180],
		[48, "J4_B5", 9531.1, 4451.32, "T", "SMD", "NET-(J4-PADB5)", "", "R", 11.81, 57.09, 0, 180],
		[49, "J4_B6", 9570.47, 4451.32, "T", "SMD", "D_P", "", "R", 11.81, 57.09, 0, 180],
		[50, "J4_B7", 9629.53, 4451.32, "T", "SMD", "D_N", "", "R", 11.81, 57.09, 0, 180],
		[51, "J4_B8", 9668.9, 4451.32, "T", "SMD", "UNCONNECTED-(J4-PADB8)", "", "R", 11.81, 57.09, 0, 180],
		[52, "J4_B9", 9505.51, 4451.32, "T", "SMD", "+5V", "", "R", 23.62, 57.09, 0, 180],
		[53, "J4_S1", 9429.92, 4651.91, "T", "DIP", "GND", "GND", "O", 39.37, 62.99, 47.24, 180],
		[54, "J4_S1", 9429.92, 4651.91, "B", "DIP", "GND", "GND", "O", 39.37, 62.99, 47.24, 180],
		[55, "J4_S1", 9770.08, 4487.34, "T", "DIP", "GND", "GND", "O", 39.37, 82.68, 66.93, 180],
		[56, "J4_S1", 9770.08, 4487.34, "B", "DIP", "GND", "GND", "O", 39.37, 82.68, 66.93, 180],
		[57, "J4_S1", 9429.92, 4487.34, "T", "DIP", "GND", "GND", "O", 39.37, 82.68, 66.93, 180],
		[58, "J4_S1", 9429.92, 4487.34, "B", "DIP", "GND", "GND", "O", 39.37, 82.68, 66.93, 180],
		[59, "J4_S1", 9770.08, 4651.91, "T", "DIP", "GND", "GND", "O", 39.37, 62.99, 47.24, 180],
		[60, "J4_S1", 9770.08, 4651.91, "B", "DIP", "GND", "GND", "O", 39.37, 62.99, 47.24, 180],
		[61, "J5_1", 383, 4427, "T", "DIP", "I2C_DAT", "", "R", 66.93, 66.93, 39.37, 0],
		[62, "J5_1", 383, 4427, "B", "DIP", "I2C_DAT", "", "R", 66.93, 66.93, 39.37, 0],
		[63, "J5_2", 383, 4327, "T", "DIP", "I2C_CLK", "", "C", 66.93, 66.93, 39.37, 0],
		[64, "J5_2", 383, 4327, "B", "DIP", "I2C_CLK", "", "C", 66.93, 66.93, 39.37, 0],
		[65, "J5_3", 383, 4227, "T", "DIP", "+3V3", "", "C", 66.93, 66.93, 39.37, 0],
		[66, "J5_3", 383, 4227, "B", "DIP", "+3V3", "", "C", 66.93, 66.93, 39.37, 0],
		[67, "J5_4", 383, 4127, "T", "DIP", "GND", "GND", "C", 66.93, 66.93, 39.37, 0],
		[68, "J5_4", 383, 4127, "B", "DIP", "GND", "GND", "C", 66.93, 66.93, 39.37, 0],
		[69, "J5_5", 633, 4412, "T", "DIP", "UNCONNECTED-(J5-PAD5)", "", "C", 200, 200, 87, 0],
		[70, "J5_5", 633, 4412, "B", "DIP", "UNCONNECTED-(J5-PAD5)", "", "C", 200, 200, 87, 0],
		[71, "J5_6", 1683, 4162, "T", "DIP", "UNCONNECTED-(J5-PAD6)", "", "C", 200, 200, 87, 0],
		[72, "J5_6", 1683, 4162, "B", "DIP", "UNCONNECTED-(J5-PAD6)", "", "C", 200, 200, 87, 0],
		[73, "J6_1", 8835, 4650, "T", "DIP", "PA9", "", "R", 66.93, 66.93, 39.37, 90],
		[74, "J6_1", 8835, 4650, "B", "DIP", "PA9", "", "R", 66.93, 66.93, 39.37, 90],
		[75, "J6_2", 8935, 4650, "T", "DIP", "GND", "GND", "C", 66.93, 66.93, 39.37, 90],
		[76, "J6_2", 8935, 4650, "B", "DIP", "GND", "GND", "C", 66.93, 66.93, 39.37, 90],
		[77, "J6_3", 9035, 4650, "T", "DIP", "+5V", "", "C", 66.93, 66.93, 39.37, 90],
		[78, "J6_3", 9035, 4650, "B", "DIP", "+5V", "", "C", 66.93, 66.93, 39.37, 90],
		[79, "R1_1", 832.48, 4650, "T", "SMD", "RESET", "", "R", 31.5, 37.4, 0, 180],
		[80, "R1_2", 767.52, 4650, "T", "SMD", "+3V3", "", "R", 31.5, 37.4, 0, 180],
		[81, "R2_1", 217.52, 4650, "T", "SMD", "GND", "GND", "R", 31.5, 37.4, 0, 0],
		[82, "R2_2", 282.48, 4650, "T", "SMD", "BOOT", "", "R", 31.5, 37.4, 0, 0],
		[83, "R3_1", 9700, 4257.48, "T", "SMD", "NET-(J4-PADA5)", "", "R", 31.5, 37.4, 0, 270],
		[84, "R3_2", 9700, 4192.52, "T", "SMD", "GND", "GND", "R", 31.5, 37.4, 0, 270],
		[85, "R4_1", 9625, 4257.48, "T", "SMD", "NET-(J4-PADB5)", "", "R", 31.5, 37.4, 0, 270],
		[86, "R4_2", 9625, 4192.52, "T", "SMD", "GND", "GND", "R", 31.5, 37.4, 0, 270],
		[87, "SW0_0_1", 475, 3575, "T", "DIP", "K0_0", "", "C", 86.61, 86.61, 59.06, 0],
		[88, "SW0_0_1", 475, 3575, "B", "DIP", "K0_0", "", "C", 86.61, 86.61, 59.06, 0],
		[89, "SW0_0_2", 225, 3475, "T", "DIP", "GND", "GND", "C", 86.61, 86.61, 59.06, 0],
		[90, "SW0_0_2", 225, 3475, "B", "DIP", "GND", "GND", "C", 86.61, 86.61, 59.06, 0],
		[91, "SW0_0_999", 175, 3375, "T", "DIP", "SW0_0_", "", "C", 66.93, 66.93, 66.93, 0],
		[92, "SW0_0_999", 175, 3375, "B", "DIP", "SW0_0_", "", "C", 66.93, 66.93, 66.93, 0],
		[93, "SW0_0_999", 375, 3375, "T", "DIP", "SW0_0_A_", "", "C", 157.48, 157.48, 157.48, 0],
		[94, "SW0_0_999", 375, 3375, "B", "DIP", "SW0_0_A_", "", "C", 157.48, 157.48, 157.48, 0],
		[95, "SW0_0_999", 575, 3375, "T", "DIP", "SW0_0_B_", "", "C", 66.93, 66.93, 66.93, 0],
		[96, "SW0_0_999", 575, 3375, "B", "DIP", "SW0_0_B_", "", "C", 66.93, 66.93, 66.93, 0],
		[97, "SW0_1_1", 1225, 3575, "T", "DIP", "K0_1", "", "C", 86.61, 86.61, 59.06, 0],
		[98, "SW0_1_1", 1225, 3575, "B", "DIP", "K0_1", "", "C", 86.61, 86.61, 59.06, 0],
		[99, "SW0_1_2", 975, 3475, "T", "DIP", "GND", "GND", "C", 86.61, 86.61, 59.06, 0],
		[100, "SW0_1_2", 975, 3475, "B", "DIP", "GND", "GND", "C", 86.61, 86.61, 59.06, 0],
		[101, "SW0_1_999", 925, 3375, "T", "DIP", "SW0_1_", "", "C", 66.93, 66.93, 66.93, 0],
		[102, "SW0_1_999", 925, 3375, "B", "DIP", "SW0_1_", "", "C", 66.93, 66.93, 66.93, 0],
		[103, "SW0_1_999", 1125, 3375, "T", "DIP", "SW0_1_A_", "", "C", 157.48, 157.48, 157.48, 0],
		[104, "SW0_1_999", 1125, 3375, "B", "DIP", "SW0_1_A_", "", "C", 157.48, 157.48, 157.48, 0],
		[105, "SW0_1_999", 1325, 3375, "T", "DIP", "SW0_1_B_", "", "C", 66.93, 66.93, 66.93, 0],
		[106, "SW0_1_999", 1325, 3375, "B", "DIP", "SW0_1_B_", "", "C", 66.93, 66.93, 66.93, 0],
		[107, "SW0_2_1", 1975, 3575, "T", "DIP", "K0_2", "", "C", 86.61, 86.61, 59.06, 0],
		[108, "SW0_2_1", 1975, 3575, "B", "DIP", "K0_2", "", "C", 86.61, 86.61, 59.06, 0],
		[109, "SW0_2_2", 1725, 3475, "T", "DIP", "GND", "GND", "C", 86.61, 86.61, 59.06, 0],
		[110, "SW0_2_2", 1725, 3475, "B", "DIP", "GND", "GND", "C", 86.61, 86.61, 59.06, 0],
		[111, "SW0_2_999", 1675, 3375, "T", "DIP", "SW0_2_", "", "C", 66.93, 66.93, 66.93, 0],
		[112, "SW0_2_999", 1675, 3375, "B", "DIP", "SW0_2_", "", "C", 66.93, 66.93, 66.93, 0],
		[113, "SW0_2_999", 1875, 3375, "T", "DIP", "SW0_2_A_", "", "C", 157.48, 157.48, 157.48, 0],
		[114, "SW0_2_999", 1875, 3375, "B", "DIP", "SW0_2_A_", "", "C", 157.48, 157.48, 157.48, 0],
		[115, "SW0_2_999", 2075, 3375, "T", "DIP", "SW0_2_B_", "", "C", 66.93, 66.93, 66.93, 0],
		[116, "SW0_2_999", 2075, 3375, "B", "DIP", "SW0_2_B_", "", "C", 66.93, 66.93, 66.93, 0],
		[117, "SW0_3_1", 2725, 3575, "T", "DIP", "K0_3", "", "C", 86.61, 86.61, 59.06, 0],
		[118, "SW0_3_1", 2725, 3575, "B", "DIP", "K0_3", "", "C", 86.61, 86.61, 59.06, 0],
		[119, "SW0_3_2", 2475, 3475, "T", "DIP", "GND", "GND", "C", 86.61, 86.61, 59.06, 0],
		[120, "SW0_3_2", 2475, 3475, "B", "DIP", "GND", "GND", "C", 86.61, 86.61, 59.06, 0],
		[121, "SW0_3_999", 2425, 3375, "T", "DIP", "SW0_3_", "", "C", 66.93, 66.93, 66.93, 0],
		[122, "SW0_3_999", 2425, 3375, "B", "DIP", "SW0_3_", "", "C", 66.93, 66.93, 66.93, 0],
		[123, "SW0_3_999", 2625, 3375, "T", "DIP", "SW0_3_A_", "", "C", 157.48, 157.48, 157.48, 0],
		[124, "SW0_3_999", 2625, 3375, "B", "DIP", "SW0_3_A_", "", "C", 157.48, 157.48, 157.48, 0],
		[125, "SW0_3_999", 2825, 3375, "T", "DIP", "SW0_3_B_", "", "C", 66.93, 66.93, 66.93, 0],
		[126, "SW0_3_999", 2825, 3375, "B", "DIP", "SW0_3_B_", "", "C", 66.93, 66.93, 66.93, 0],
		[127, "SW0_4_1", 3475, 3575, "T", "DIP", "K0_4", "", "C", 86.61, 86.61, 59.06, 0],
		[128, "SW0_4_1", 3475, 3575, "B", "DIP", "K0_4", "", "C", 86.61, 86.61, 59.06, 0],
		[129, "SW0_4_2", 3225, 3475, "T", "DIP", "GND", "GND", "C", 86.61, 86.61, 59.06, 0],
		[130, "SW0_4_2", 3225, 3475, "B", "DIP", "GND", "GND", "C", 86.61, 86.61, 59.06, 0],
		[131, "SW0_4_999", 3175, 3375, "T", "DIP", "SW0_4_", "", "C", 66.93, 66.93, 66.93, 0],
		[132, "SW0_4_999", 3175, 3375, "B", "DIP", "SW0_4_", "", "C", 66.93, 66.93, 66.93, 0],
		[133, "SW0_4_999", 3375, 3375, "T", "DIP", "SW0_4_A_", "", "C", 157.48, 157.48, 157.48, 0],
		[134, "SW0_4_999", 3375, 3375, "B", "DIP", "SW0_4_A_", "", "C", 157.48, 157.48, 157.48, 0],
		[135, "SW0_4_999", 3575, 3375, "T", "DIP", "SW0_4_B_", "", "C", 66.93, 66.93, 66.93, 0],
		[136, "SW0_4_999", 3575, 3375, "B", "DIP", "SW0_4_B_", "", "C", 66.93, 66.93, 66.93, 0],
		[137, "SW0_5_1", 4220, 3580, "T", "DIP", "K0_5", "", "C", 86.61, 86.61, 59.06, 0],
		[138, "SW0_5_1", 4220, 3580, "B", "DIP", "K0_5", "", "C", 86.61, 86.61, 59.06, 0],
		[139, "SW0_5_2", 3970, 3480, "T", "DIP", "GND", "GND", "C", 86.61, 86.61, 59.06, 0],
		[140, "SW0_5_2", 3970, 3480, "B", "DIP", "GND", "GND", "C", 86.61, 86.61, 59.06, 0],
		[141, "SW0_5_999", 3920, 3380, "T", "DIP", "SW0_5_", "", "C", 66.93, 66.93, 66.93, 0],
		[142, "SW0_5_999", 3920, 3380, "B", "DIP", "SW0_5_", "", "C", 66.93, 66.93, 66.93, 0],
		[143, "SW0_5_999", 4120, 3380, "T", "DIP", "SW0_5_A_", "", "C", 157.48, 157.48, 157.48, 0],
		[144, "SW0_5_999", 4120, 3380, "B", "DIP", "SW0_5_A_", "", "C", 157.48, 157.48, 157.48, 0],
		[145, "SW0_5_999", 4320, 3380, "T", "DIP", "SW0_5_B_", "", "C", 66.93, 66.93, 66.93, 0],
		[146, "SW0_5_999", 4320, 3380, "B", "DIP", "SW0_5_B_", "", "C", 66.93, 66.93, 66.93, 0],
		[147, "SW0_6_1", 4975, 3575, "T", "DIP", "K0_6", "", "C", 86.61, 86.61, 59.06, 0],
		[148, "SW0_6_1", 4975, 3575, "B", "DIP", "K0_6", "", "C", 86.61, 86.61, 59.06, 0],
		[149, "SW0_6_2", 4725, 3475, "T", "DIP", "GND", "GND", "C", 86.61, 86.61, 59.06, 0],
		[150, "SW0_6_2", 4725, 3475, "B", "DIP", "GND", "GND", "C", 86.61, 86.61, 59.06, 0],
		[151, "SW0_6_999", 4675, 3375, "T", "DIP", "SW0_6_", "", "C", 66.93, 66.93, 66.93, 0],
		[152, "SW0_6_999", 4675, 3375, "B", "DIP", "SW0_6_", "", "C", 66.93, 66.93, 66.93, 0],
		[153, "SW0_6_999", 4875, 3375, "T", "DIP", "SW0_6_A_", "", "C", 157.48, 157.48, 157.48, 0],
		[154, "SW0_6_999", 4875, 3375, "B", "DIP", "SW0_6_A_", "", "C", 157.48, 157.48, 157.48, 0],
		[155, "SW0_6_999", 5075, 3375, "T", "DIP", "SW0_6_B_", "", "C", 66.93, 66.93, 66.93, 0],
		[156, "SW0_6_999", 5075, 3375, "B", "DIP", "SW0_6_B_", "", "C", 66.93, 66.93, 66.93, 0],
		[157, "SW0_7_1", 5725, 3575, "T", "DIP", "K0_7", "", "C", 86.61, 86.61, 59.06, 0],
		[158, "SW0_7_1", 5725, 3575, "B", "DIP", "K0_7", "", "C", 86.61, 86.61, 59.06, 0],
		[159, "SW0_7_2", 5475, 3475, "T", "DIP", "GND", "GND", "C", 86.61, 86.61, 59.06, 0],
		[160, "SW0_7_2", 5475, 3475, "B", "DIP", "GND", "GND", "C", 86.61, 86.61, 59.06, 0],
		[161, "SW0_7_999", 5425, 3375, "T", "DIP", "SW0_7_", "", "C", 66.93, 66.93, 66.93, 0],
		[162, "SW0_7_999", 5425, 3375, "B", "DIP", "SW0_7_", "", "C", 66.93, 66.93, 66.93, 0],
		[163, "SW0_7_999", 5625, 3375, "T", "DIP", "SW0_7_A_", "", "C", 157.48, 157.48, 157.48, 0],
		[164, "SW0_7_999", 5625, 3375, "B", "DIP", "SW0_7_A_", "", "C", 157.48, 157.48, 157.48, 0],
		[165, "SW0_7_999", 5825, 3375, "T", "DIP", "SW0_7_B_", "", "C", 66.93, 66.93, 66.93, 0],
		[166, "SW0_7_999", 5825, 3375, "B", "DIP", "SW0_7_B_", "", "C", 66.93, 66.93, 66.93, 0],
		[167, "SW0_8_1", 6475, 3575, "T", "DIP", "K0_8", "", "C", 86.61, 86.61, 59.06, 0],
		[168, "SW0_8_1", 6475, 3575, "B", "DIP", "K0_8", "", "C", 86.61, 86.61, 59.06, 0],
		[169, "SW0_8_2", 6225, 3475, "T", "DIP", "GND", "GND", "C", 86.61, 86.61, 59.06, 0],
		[170, "SW0_8_2", 6225, 3475, "B", "DIP", "GND", "GND", "C", 86.61, 86.61, 59.06, 0],
		[171, "SW0_8_999", 6175, 3375, "T", "DIP", "SW0_8_", "", "C", 66.93, 66.93, 66.93, 0],
		[172, "SW0_8_999", 6175, 3375, "B", "DIP", "SW0_8_", "", "C", 66.93, 66.93, 66.93, 0],
		[173, "SW0_8_999", 6375, 3375, "T", "DIP", "SW0_8_A_", "", "C", 157.48, 157.48, 157.48, 0],
		[174, "SW0_8_999", 6375, 3375, "B", "DIP", "SW0_8_A_", "", "C", 157.48, 157.48, 157.48, 0],
		[175, "SW0_8_999", 6575, 3375, "T", "DIP", "SW0_8_B_", "", "C", 66.93, 66.93, 66.93, 0],
		[176, "SW0_8_999", 6575, 3375, "B", "DIP", "SW0_8_B_", "", "C", 66.93, 66.93, 66.93, 0],
		[177, "SW0_9_1", 7225, 3575, "T", "DIP", "K0_9", "", "C", 86.61, 86.61, 59.06, 0],
		[178, "SW0_9_1", 7225, 3575, "B", "DIP", "K0_9", "", "C", 86.61, 86.61, 59.06, 0],
		[179, "SW0_9_2", 6975, 3475, "T", "DIP", "GND", "GND", "C", 86.61, 86.61, 59.06, 0],
		[180, "SW0_9_2", 6975, 3475, "B", "DIP", "GND", "GND", "C", 86.61, 86.61, 59.06, 0],
		[181, "SW0_9_999", 6925, 3375, "T", "DIP", "SW0_9_", "", "C", 66.93, 66.93, 66.93, 0],
		[182, "SW0_9_999", 6925, 3375, "B", "DIP", "SW0_9_", "", "C", 66.93, 66.93, 66.93, 0],
		[183, "SW0_9_999", 7125, 3375, "T", "DIP", "SW0_9_A_", "", "C", 157.48, 157.48, 157.48, 0],
		[184, "SW0_9_999", 7125, 3375, "B", "DIP", "SW0_9_A_", "", "C", 157.48, 157.48, 157.48, 0],
		[185, "SW0_9_999", 7325, 3375, "T", "DIP", "SW0_9_B_", "", "C", 66.93, 66.93, 66.93, 0],
		[186, "SW0_9_999", 7325, 3375, "B", "DIP", "SW0_9_B_", "", "C", 66.93, 66.93, 66.93, 0],
		[187, "SW0_10_1", 7975, 3575, "T", "DIP", "K0_10", "", "C", 86.61, 86.61, 59.06, 0],
		[188, "SW0_10_1", 7975, 3575, "B", "DIP", "K0_10", "", "C", 86.61, 86.61, 59.06, 0],
		[189, "SW0_10_2", 7725, 3475, "T", "DIP", "GND", "GND", "C", 86.61, 86.61, 59.06, 0],
		[190, "SW0_10_2", 7725, 3475, "B", "DIP", "GND", "GND", "C", 86.61, 86.61, 59.06, 0],
		[191, "SW0_10_999", 7675, 3375, "T", "DIP", "SW0_10_", "", "C", 66.93, 66.93, 66.93, 0],
		[192, "SW0_10_999", 7675, 3375, "B", "DIP", "SW0_10_", "", "C", 66.93, 66.93, 66.93, 0],
		[193, "SW0_10_999", 7875, 3375, "T", "DIP", "SW0_10_A_", "", "C", 157.48, 157.48, 157.48, 0],
		[194, "SW0_10_999", 7875, 3375, "B", "DIP", "SW0_10_A_", "", "C", 157.48, 157.48, 157.48, 0],
		[195, "SW0_10_999", 8075, 3375, "T", "DIP", "SW0_10_B_", "", "C", 66.93, 66.93, 66.93, 0],
		[196, "SW0_10_999", 8075, 3375, "B", "DIP", "SW0_10_B_", "", "C", 66.93, 66.93, 66.93, 0],
		[197, "SW0_11_1", 8725, 3575, "T", "DIP", "K0_11", "", "C", 86.61, 86.61, 59.06, 0],
		[198, "SW0_11_1", 8725, 3575, "B", "DIP", "K0_11", "", "C", 86.61, 86.61, 59.06, 0],
		[199, "SW0_11_2", 8475, 3475, "T", "DIP", "GND", "GND", "C", 86.61, 86.61, 59.06, 0],
		[200, "SW0_11_2", 8475, 3475, "B", "DIP", "GND", "GND", "C", 86.61, 86.61, 59.06, 0],
		[201, "SW0_11_999", 8425, 3375, "T", "DIP", "SW0_11_", "", "C", 66.93, 66.93, 66.93, 0],
		[202, "SW0_11_999", 8425, 3375, "B", "DIP", "SW0_11_", "", "C", 66.93, 66.93, 66.93, 0],
		[203, "SW0_11_999", 8625, 3375, "T", "DIP", "SW0_11_A_", "", "C", 157.48, 157.48, 157.48, 0],
		[204, "SW0_11_999", 8625, 3375, "B", "DIP", "SW0_11_A_", "", "C", 157.48, 157.48, 157.48, 0],
		[205, "SW0_11_999", 8825, 3375, "T", "DIP", "SW0_11_B_", "", "C", 66.93, 66.93, 66.93, 0],
		[206, "SW0_11_999", 8825, 3375, "B", "DIP", "SW0_11_B_", "", "C", 66.93, 66.93, 66.93, 0],
		[207, "SW0_12_1", 9475, 3575, "T", "DIP", "K0_12", "", "C", 86.61, 86.61, 59.06, 0],
		[208, "SW0_12_1", 9475, 3575, "B", "DIP", "K0_12", "", "C", 86.61, 86.61, 59.06, 0],
		[209, "SW0_12_2", 9225, 3475, "T", "DIP", "GND", "GND", "C", 86.61, 86.61, 59.06, 0],
		[210, "SW0_12_2", 9225, 3475, "B", "DIP", "GND", "GND", "C", 86.61, 86.61, 59.06, 0],
		[211, "SW0_12_999", 9175, 3375, "T", "DIP", "SW0_12_", "", "C", 66.93, 66.93, 66.93, 0],
		[212, "SW0_12_999", 9175, 3375, "B", "DIP", "SW0_12_", "", "C", 66.93, 66.93, 66.93, 0],
		[213, "SW0_12_999", 9375, 3375, "T", "DIP", "SW0_12_A_", "", "C", 157.48, 157.48, 157.48, 0],
		[214, "SW0_12_999", 9375, 3375, "B", "DIP", "SW0_12_A_", "", "C", 157.48, 157.48, 157.48, 0],
		[215, "SW0_12_999", 9575, 3375, "T", "DIP", "SW0_12_B_", "", "C", 66.93, 66.93, 66.93, 0],
		[216, "SW0_12_999", 9575, 3375, "B", "DIP", "SW0_12_B_", "", "C", 66.93, 66.93, 66.93, 0],
		[217, "SW0_13-14_1", 10600, 3575, "T", "DIP", "K0_13", "", "C", 86.61, 86.61, 59.06, 0],
		[218, "SW0_13-14_1", 10600, 3575, "B", "DIP", "K0_13", "", "C", 86.61, 86.61, 59.06, 0],
		[219, "SW0_13-14_1", 10225, 3575, "T", "DIP", "K0_13", "", "C", 86.61, 86.61, 59.06, 0],
		[220, "SW0_13-14_1", 10225, 3575, "B", "DIP", "K0_13", "", "C", 86.61, 86.61, 59.06, 0],
		[221, "SW0_13-14_2", 10350, 3475, "T", "DIP", "GND", "GND", "C", 86.61, 86.61, 59.06, 0],
		[222, "SW0_13-14_2", 10350, 3475, "B", "DIP", "GND", "GND", "C", 86.61, 86.61, 59.06, 0],
		[223, "SW0_13-14_2", 9975, 3475, "T", "DIP", "GND", "GND", "C", 86.61, 86.61, 59.06, 0],
		[224, "SW0_13-14_2", 9975, 3475, "B", "DIP", "GND", "GND", "C", 86.61, 86.61, 59.06, 0],
		[225, "SW0_13-14_3", 10975, 3575, "T", "DIP", "K0_14", "", "C", 86.61, 86.61, 59.06, 0],
		[226, "SW0_13-14_3", 10975, 3575, "B", "DIP", "K0_14", "", "C", 86.61, 86.61, 59.06, 0],
		[227, "SW0_13-14_4", 10725, 3475, "T", "DIP", "GND", "GND", "C", 86.61, 86.61, 59.06, 0],
		[228, "SW0_13-14_4", 10725, 3475, "B", "DIP", "GND", "GND", "C", 86.61, 86.61, 59.06, 0],
		[229, "SW0_13-14_999", 10125, 3375, "T", "DIP", "SW0_13-14_", "", "C", 157.48, 157.48, 157.48, 0],
		[230, "SW0_13-14_999", 10125, 3375, "B", "DIP", "SW0_13-14_", "", "C", 157.48, 157.48, 157.48, 0],
		[231, "SW0_13-14_999", 10300, 3375, "T", "DIP", "SW0_13-14_A_", "", "C", 66.93, 66.93, 66.93, 0],
		[232, "SW0_13-14_999", 10300, 3375, "B", "DIP", "SW0_13-14_A_", "", "C", 66.93, 66.93, 66.93, 0],
		[233, "SW0_13-14_999", 10031.5, 3050.59, "T", "DIP", "SW0_13-14_B_", "", "C", 157.48, 157.48, 157.48, 0],
		[234, "SW0_13-14_999", 10031.5, 3050.59, "B", "DIP", "SW0_13-14_B_", "", "C", 157.48, 157.48, 157.48, 0],
		[235, "SW0_13-14_999", 10500, 3375, "T", "DIP", "SW0_13-14_C_", "", "C", 157.48, 157.48, 157.48, 0],
		[236, "SW0_13-14_999", 10500, 3375, "B", "DIP", "SW0_13-14_C_", "", "C", 157.48, 157.48, 157.48, 0],
		[237, "SW0_13-14_999", 10031.5, 3650.59, "T", "DIP", "SW0_13-14_D_", "", "C", 120.08, 120.08, 120.08, 0],
		[238, "SW0_13-14_999", 10031.5, 3650.59, "B", "DIP", "SW0_13-14_D_", "", "C", 120.08, 120.08, 120.08, 0],
		[239, "SW0_13-14_999", 10875, 3375, "T", "DIP", "SW0_13-14_E_", "", "C", 157.48, 157.48, 157.48, 0],
		[240, "SW0_13-14_999", 10875, 3375, "B", "DIP", "SW0_13-14_E_", "", "C", 157.48, 157.48, 157.48, 0],
		[241, "SW0_13-14_999", 10675, 3375, "T", "DIP", "SW0_13-14_F_", "", "C", 66.93, 66.93, 66.93, 0],
		[242, "SW0_13-14_999", 10675, 3375, "B", "DIP", "SW0_13-14_F_", "", "C", 66.93, 66.93, 66.93, 0],
		[243, "SW0_13-14_999", 10968.5, 3650.59, "T", "DIP", "SW0_13-14_G_", "", "C", 120.08, 120.08, 120.08, 0],
		[244, "SW0_13-14_999", 10968.5, 3650.59, "B", "DIP", "SW0_13-14_G_", "", "C", 120.08, 120.08, 120.08, 0],
		[245, "SW0_13-14_999", 9925, 3375, "T", "DIP", "SW0_13-14_H_", "", "C", 66.93, 66.93, 66.93, 0],
		[246, "SW0_13-14_999", 9925, 3375, "B", "DIP", "SW0_13-14_H_", "", "C", 66.93, 66.93, 66.93, 0],
		[247, "SW0_13-14_999", 10325, 3375, "T", "DIP", "SW0_13-14_I_", "", "C", 66.93, 66.93, 66.93, 0],
		[248, "SW0_13-14_999", 10325, 3375, "B", "DIP", "SW0_13-14_I_", "", "C", 66.93, 66.93, 66.93, 0],
		[249, "SW0_13-14_999", 10968.5, 3050.59, "T", "DIP", "SW0_13-14_J_", "", "C", 157.48, 157.48, 157.48, 0],
		[250, "SW0_13-14_999", 10968.5, 3050.59, "B", "DIP", "SW0_13-14_J_", "", "C", 157.48, 157.48, 157.48, 0],
		[251, "SW0_13-14_999", 11075, 3375, "T", "DIP", "SW0_13-14_K_", "", "C", 66.93, 66.93, 66.93, 0],
		[252, "SW0_13-14_999", 11075, 3375, "B", "DIP", "SW0_13-14_K_", "", "C", 66.93, 66.93, 66.93, 0],
		[253, "SW0_13-14_999", 10700, 3375, "T", "DIP", "SW0_13-14_L_", "", "C", 66.93, 66.93, 66.93, 0],
		[254, "SW0_13-14_999", 10700, 3375, "B", "DIP", "SW0_13-14_L_", "", "C", 66.93, 66.93, 66.93, 0],
		[255, "SW1_A", 9954.7, 4398.4, "T", "DIP", "ENC_A", "", "R", 78.74, 78.74, 39.37, 0],
		[256, "SW1_A", 9954.7, 4398.4, "B", "DIP", "ENC_A", "", "R", 78.74, 78.74, 39.37, 0],
		[257, "SW1_B", 9954.7, 4201.55, "T", "DIP", "ENC_B", "", "C", 78.74, 78.74, 39.37, 0],
		[258, "SW1_B", 9954.7, 4201.55, "B", "DIP", "ENC_B", "", "C", 78.74, 78.74, 39.37, 0],
		[259, "SW1_C", 9954.7, 4299.97, "T", "DIP", "GND", "GND", "C", 78.74, 78.74, 39.37, 0],
		[260, "SW1_C", 9954.7, 4299.97, "B", "DIP", "GND", "GND", "C", 78.74, 78.74, 39.37, 0],
		[261, "SW1_MP", 10249.98, 4079.5, "T", "DIP", "SW1_MP", "", "R", 125.98, 78.74, 110.24, 0],
		[262, "SW1_MP", 10249.98, 4079.5, "B", "DIP", "SW1_MP", "", "R", 125.98, 78.74, 110.24, 0],
		[263, "SW1_MP", 10249.98, 4520.45, "T", "DIP", "SW1_A_MP", "", "R", 125.98, 78.74, 110.24, 0],
		[264, "SW1_MP", 10249.98, 4520.45, "B", "DIP", "SW1_A_MP", "", "R", 125.98, 78.74, 110.24, 0],
		[265, "SW1_S1", 10525.57, 4201.55, "T", "DIP", "ENC_SW", "", "C", 78.74, 78.74, 39.37, 0],
		[266, "SW1_S1", 10525.57, 4201.55, "B", "DIP", "ENC_SW", "", "C", 78.74, 78.74, 39.37, 0],
		[267, "SW1_S2", 10525.57, 4398.4, "T", "DIP", "GND", "GND", "C", 78.74, 78.74, 39.37, 0],
		[268, "SW1_S2", 10525.57, 4398.4, "B", "DIP", "GND", "GND", "C", 78.74, 78.74, 39.37, 0],
		[269, "SW1_0_1", 662.5, 2825, "T", "DIP", "K1_0", "", "C", 86.61, 86.61, 59.06, 0],
		[270, "SW1_0_1", 662.5, 2825, "B", "DIP", "K1_0", "", "C", 86.61, 86.61, 59.06, 0],
		[271, "SW1_0_2", 412.5, 2725, "T", "DIP", "GND", "GND", "C", 86.61, 86.61, 59.06, 0],
		[272, "SW1_0_2", 412.5, 2725, "B", "DIP", "GND", "GND", "C", 86.61, 86.61, 59.06, 0],
		[273, "SW1_0_999", 762.5, 2625, "T", "DIP", "SW1_0_", "", "C", 66.93, 66.93, 66.93, 0],
		[274, "SW1_0_999", 762.5, 2625, "B", "DIP", "SW1_0_", "", "C", 66.93, 66.93, 66.93, 0],
		[275, "SW1_0_999", 362.5, 2625, "T", "DIP", "SW1_0_A_", "", "C", 66.93, 66.93, 66.93, 0],
		[276, "SW1_0_999", 362.5, 2625, "B", "DIP", "SW1_0_A_", "", "C", 66.93, 66.93, 66.93, 0],
		[277, "SW1_0_999", 562.5, 2625, "T", "DIP", "SW1_0_B_", "", "C", 157.48, 157.48, 157.48, 0],
		[278, "SW1_0_999", 562.5, 2625, "B", "DIP", "SW1_0_B_", "", "C", 157.48, 157.48, 157.48, 0],
		[279, "SW1_1_1", 1600, 2825, "T", "DIP", "K1_1", "", "C", 86.61, 86.61, 59.06, 0],
		[280, "SW1_1_1", 1600, 2825, "B", "DIP", "K1_1", "", "C", 86.61, 86.61, 59.06, 0],
		[281, "SW1_1_2", 1350, 2725, "T", "DIP", "GND", "GND", "C", 86.61, 86.61, 59.06, 0],
		[282, "SW1_1_2", 1350, 2725, "B", "DIP", "GND", "GND", "C", 86.61, 86.61, 59.06, 0],
		[283, "SW1_1_999", 1300, 2625, "T", "DIP", "SW1_1_", "", "C", 66.93, 66.93, 66.93, 0],
		[284, "SW1_1_999", 1300, 2625, "B", "DIP", "SW1_1_", "", "C", 66.93, 66.93, 66.93, 0],
		[285, "SW1_1_999", 1500, 2625, "T", "DIP", "SW1_1_A_", "", "C", 157.48, 157.48, 157.48, 0],
		[286, "SW1_1_999", 1500, 2625, "B", "DIP", "SW1_1_A_", "", "C", 157.48, 157.48, 157.48, 0],
		[287, "SW1_1_999", 1700, 2625, "T", "DIP", "SW1_1_B_", "", "C", 66.93, 66.93, 66.93, 0],
		[288, "SW1_1_999", 1700, 2625, "B", "DIP", "SW1_1_B_", "", "C", 66.93, 66.93, 66.93, 0],
		[289, "SW1_2_1", 2350, 2825, "T", "DIP", "K1_2", "", "C", 86.61, 86.61, 59.06, 0],
		[290, "SW1_2_1", 2350, 2825, "B", "DIP", "K1_2", "", "C", 86.61, 86.61, 59.06, 0],
		[291, "SW1_2_2", 2100, 2725, "T", "DIP", "GND", "GND", "C", 86.61, 86.61, 59.06, 0],
		[292, "SW1_2_2", 2100, 2725, "B", "DIP", "GND", "GND", "C", 86.61, 86.61, 59.06, 0],
		[293, "SW1_2_999", 2050, 2625, "T", "DIP", "SW1_2_", "", "C", 66.93, 66.93, 66.93, 0],
		[294, "SW1_2_999", 2050, 2625, "B", "DIP", "SW1_2_", "", "C", 66.93, 66.93, 66.93, 0],
		[295, "SW1_2_999", 2250, 2625, "T", "DIP", "SW1_2_A_", "", "C", 157.48, 157.48, 157.48, 0],
		[296, "SW1_2_999", 2250, 2625, "B", "DIP", "SW1_2_A_", "", "C", 157.48, 157.48, 157.48, 0],
		[297, "SW1_2_999", 2450, 2625, "T", "DIP", "SW1_2_B_", "", "C", 66.93, 66.93, 66.93, 0],
		[298, "SW1_2_999", 2450, 2625, "B", "DIP", "SW1_2_B_", "", "C", 66.93, 66.93, 66.93, 0],
		[299, "SW1_3_1", 3100, 2825, "T", "DIP", "K1_3", "", "C", 86.61, 86.61, 59.06, 0],
		[300, "SW1_3_1", 3100, 2825, "B", "DIP", "K1_3", "", "C", 86.61, 86.61, 59.06, 0],
		[301, "SW1_3_2", 2850, 2725, "T", "DIP", "GND", "GND", "C", 86.61, 86.61, 59.06, 0],
		[302, "SW1_3_2", 2850, 2725, "B", "DIP", "GND", "GND", "C", 86.61, 86.61, 59.06, 0],
		[303, "SW1_3_999", 2800, 2625, "T", "DIP", "SW1_3_", "", "C", 66.93, 66.93, 66.93, 0],
		[304, "SW1_3_999", 2800, 2625, "B", "DIP", "SW1_3_", "", "C", 66.93, 66.93, 66.93, 0],
		[305, "SW1_3_999", 3000, 2625, "T", "DIP", "SW1_3_A_", "", "C", 157.48, 157.48, 157.48, 0],
		[306, "SW1_3_999", 3000, 2625, "B", "DIP", "SW1_3_A_", "", "C", 157.48, 157.48, 157.48, 0],
		[307, "SW1_3_999", 3200, 2625, "T", "DIP", "SW1_3_B_", "", "C", 66.93, 66.93, 66.93, 0],
		[308, "SW1_3_999", 3200, 2625, "B", "DIP", "SW1_3_B_", "", "C", 66.93, 66.93, 66.93, 0],
		[309, "SW1_4_1", 3850, 2825, "T", "DIP", "K1_4", "", "C", 86.61, 86.61, 59.06, 0],
		[310, "SW1_4_1", 3850, 2825, "B", "DIP", "K1_4", "", "C", 86.61, 86.61, 59.06, 0],
		[311, "SW1_4_2", 3600, 2725, "T", "DIP", "GND", "GND", "C", 86.61, 86.61, 59.06, 0],
		[312, "SW1_4_2", 3600, 2725, "B", "DIP", "GND", "GND", "C", 86.61, 86.61, 59.06, 0],
		[313, "SW1_4_999", 3550, 2625, "T", "DIP", "SW1_4_", "", "C", 66.93, 66.93, 66.93, 0],
		[314, "SW1_4_999", 3550, 2625, "B", "DIP", "SW1_4_", "", "C", 66.93, 66.93, 66.93, 0],
		[315, "SW1_4_999", 3750, 2625, "T", "DIP", "SW1_4_A_", "", "C", 157.48, 157.48, 157.48, 0],
		[316, "SW1_4_999", 3750, 2625, "B", "DIP", "SW1_4_A_", "", "C", 157.48, 157.48, 157.48, 0],
		[317, "SW1_4_999", 3950, 2625, "T", "DIP", "SW1_4_B_", "", "C", 66.93, 66.93, 66.93, 0],
		[318, "SW1_4_999", 3950, 2625, "B", "DIP", "SW1_4_B_", "", "C", 66.93, 66.93, 66.93, 0],
		[319, "SW1_5_1", 4600, 2825, "T", "DIP", "K1_5", "", "C", 86.61, 86.61, 59.06, 0],
		[320, "SW1_5_1", 4600, 2825, "B", "DIP", "K1_5", "", "C", 86.61, 86.61, 59.06, 0],
		[321, "SW1_5_2", 4350, 2725, "T", "DIP", "GND", "GND", "C", 86.61, 86.61, 59.06, 0],
		[322, "SW1_5_2", 4350, 2725, "B", "DIP", "GND", "GND", "C", 86.61, 86.61, 59.06, 0],
		[323, "SW1_5_999", 4300, 2625, "T", "DIP", "SW1_5_", "", "C", 66.93, 66.93, 66.93, 0],
		[324, "SW1_5_999", 4300, 2625, "B", "DIP", "SW1_5_", "", "C", 66.93, 66.93, 66.93, 0],
		[325, "SW1_5_999", 4500, 2625, "T", "DIP", "SW1_5_A_", "", "C", 157.48, 157.48, 157.48, 0],
		[326, "SW1_5_999", 4500, 2625, "B", "DIP", "SW1_5_A_", "", "C", 157.48, 157.48, 157.48, 0],
		[327, "SW1_5_999", 4700, 2625, "T", "DIP", "SW1_5_B_", "", "C", 66.93, 66.93, 66.93, 0],
		[328, "SW1_5_999", 4700, 2625, "B", "DIP", "SW1_5_B_", "", "C", 66.93, 66.93, 66.93, 0],
		[329, "SW1_6_1", 5350, 2825, "T", "DIP", "K1_6", "", "C", 86.61, 86.61, 59.06, 0],
		[330, "SW1_6_1", 5350, 2825, "B", "DIP", "K1_6", "", "C", 86.61, 86.61, 59.06, 0],
		[331, "SW1_6_2", 5100, 2725, "T", "DIP", "GND", "GND", "C", 86.61, 86.61, 59.06, 0],
		[332, "SW1_6_2", 5100, 2725, "B", "DIP", "GND", "GND", "C", 86.61, 86.61, 59.06, 0],
		[333, "SW1_6_999", 5050, 2625, "T", "DIP", "SW1_6_", "", "C", 66.93, 66.93, 66.93, 0],
		[334, "SW1_6_999", 5050, 2625, "B", "DIP", "SW1_6_", "", "C", 66.93, 66.93, 66.93, 0],
		[335, "SW1_6_999", 5250, 2625, "T", "DIP", "SW1_6_A_", "", "C", 157.48, 157.48, 157.48, 0],
		[336, "SW1_6_999", 5250, 2625, "B", "DIP", "SW1_6_A_", "", "C", 157.48, 157.48, 157.48, 0],
		[337, "SW1_6_999", 5450, 2625, "T", "DIP", "SW1_6_B_", "", "C", 66.93, 66.93, 66.93, 0],
		[338, "SW1_6_999", 5450, 2625, "B", "DIP", "SW1_6_B_", "", "C", 66.93, 66.93, 66.93, 0],
		[339, "SW1_7_1", 6100, 2825, "T", "DIP", "K1_7", "", "C", 86.61, 86.61, 59.06, 0],
		[340, "SW1_7_1", 6100, 2825, "B", "DIP", "K1_7", "", "C", 86.61, 86.61, 59.06, 0],
		[341, "SW1_7_2", 5850, 2725, "T", "DIP", "GND", "GND", "C", 86.61, 86.61, 59.06, 0],
		[342, "SW1_7_2", 5850, 2725, "B", "DIP", "GND", "GND", "C", 86.61, 86.61, 59.06, 0],
		[343, "SW1_7_999", 5800, 2625, "T", "DIP", "SW1_7_", "", "C", 66.93, 66.93, 66.93, 0],
		[344, "SW1_7_999", 5800, 2625, "B", "DIP", "SW1_7_", "", "C", 66.93, 66.93, 66.93, 0],
		[345, "SW1_7_999", 6000, 2625, "T", "DIP", "SW1_7_A_", "", "C", 157.48, 157.48, 157.48, 0],
		[346, "SW1_7_999", 6000, 2625, "B", "DIP", "SW1_7_A_", "", "C", 157.48, 157.48, 157.48, 0],
		[347, "SW1_7_999", 6200, 2625, "T", "DIP", "SW1_7_B_", "", "C", 66.93, 66.93, 66.93, 0],
		[348, "SW1_7_999", 6200, 2625, "B", "DIP", "SW1_7_B_", "", "C", 66.93, 66.93, 66.93, 0],
		[349, "SW1_8_1", 6850, 2825, "T", "DIP", "K1_8", "", "C", 86.61, 86.61, 59.06, 0],
		[350, "SW1_8_1", 6850, 2825, "B", "DIP", "K1_8", "", "C", 86.61, 86.61, 59.06, 0],
		[351, "SW1_8_2", 6600, 2725, "T", "DIP", "GND", "GND", "C", 86.61, 86.61, 59.06, 0],
		[352, "SW1_8_2", 6600, 2725, "B", "DIP", "GND", "GND", "C", 86.61, 86.61, 59.06, 0],
		[353, "SW1_8_999", 6550, 2625, "T", "DIP", "SW1_8_", "", "C", 66.93, 66.93, 66.93, 0],
		[354, "SW1_8_999", 6550, 2625, "B", "DIP", "SW1_8_", "", "C", 66.93, 66.93, 66.93, 0],
		[355, "SW1_8_999", 6750, 2625, "T", "DIP", "SW1_8_A_", "", "C", 157.48, 157.48, 157.48, 0],
		[356, "SW1_8_999", 6750, 2625, "B", "DIP", "SW1_8_A_", "", "C", 157.48, 157.48, 157.48, 0],
		[357, "SW1_8_999", 6950, 2625, "T", "DIP", "SW1_8_B_", "", "C", 66.93, 66.93, 66.93, 0],
		[358, "SW1_8_999", 6950, 2625, "B", "DIP", "SW1_8_B_", "", "C", 66.93, 66.93, 66.93, 0],
		[359, "SW1_9_1", 7600, 2825, "T", "DIP", "K1_9", "", "C", 86.61, 86.61, 59.06, 0],
		[360, "SW1_9_1", 7600, 2825, "B", "DIP", "K1_9", "", "C", 86.61, 86.61, 59.06, 0],
		[361, "SW1_9_2", 7350, 2725, "T", "DIP", "GND", "GND", "C", 86.61, 86.61, 59.06, 0],
		[362, "SW1_9_2", 7350, 2725, "B", "DIP", "GND", "GND", "C", 86.61, 86.61, 59.06, 0],
		[363, "SW1_9_999", 7300, 2625, "T", "DIP", "SW1_9_", "", "C", 66.93, 66.93, 66.93, 0],
		[364, "SW1_9_999", 7300, 2625, "B", "DIP", "SW1_9_", "", "C", 66.93, 66.93, 66.93, 0],
		[365, "SW1_9_999", 7500, 2625, "T", "DIP", "SW1_9_A_", "", "C", 157.48, 157.48, 157.48, 0],
		[366, "SW1_9_999", 7500, 2625, "B", "DIP", "SW1_9_A_", "", "C", 157.48, 157.48, 157.48, 0],
		[367, "SW1_9_999", 7700, 2625, "T", "DIP", "SW1_9_B_", "", "C", 66.93, 66.93, 66.93, 0],
		[368, "SW1_9_999", 7700, 2625, "B", "DIP", "SW1_9_B_", "", "C", 66.93, 66.93, 66.93, 0],
		[369, "SW1_10_1", 8350, 2825, "T", "DIP", "K1_10", "", "C", 86.61, 86.61, 59.06, 0],
		[370, "SW1_10_1", 8350, 2825, "B", "DIP", "K1_10", "", "C", 86.61, 86.61, 59.06, 0],
		[371, "SW1_10_2", 8100, 2725, "T", "DIP", "GND", "GND", "C", 86.61, 86.61, 59.06, 0],
		[372, "SW1_10_2", 8100, 2725, "B", "DIP", "GND", "GND", "C", 86.61, 86.61, 59.06, 0],
		[373, "SW1_10_999", 8050, 2625, "T", "DIP", "SW1_10_", "", "C", 66.93, 66.93, 66.93, 0],
		[374, "SW1_10_999", 8050, 2625, "B", "DIP", "SW1_10_", "", "C", 66.93, 66.93, 66.93, 0],
		[375, "SW1_10_999", 8250, 2625, "T", "DIP", "SW1_10_A_", "", "C", 157.48, 157.48, 157.48, 0],
		[376, "SW1_10_999", 8250, 2625, "B", "DIP", "SW1_10_A_", "", "C", 157.48, 157.48, 157.48, 0],
		[377, "SW1_10_999", 8450, 2625, "T", "DIP", "SW1_10_B_", "", "C", 66.93, 66.93, 66.93, 0],
		[378, "SW1_10_999", 8450, 2625, "B", "DIP", "SW1_10_B_", "", "C", 66.93, 66.93, 66.93, 0],
		[379, "SW1_11_1", 9100, 2825, "T", "DIP", "K1_11", "", "C", 86.61, 86.61, 59.06, 0],
		[380, "SW1_11_1", 9100, 2825, "B", "DIP", "K1_11", "", "C", 86.61, 86.61, 59.06, 0],
		[381, "SW1_11_2", 8850, 2725, "T", "DIP", "GND", "GND", "C", 86.61, 86.61, 59.06, 0],
		[382, "SW1_11_2", 8850, 2725, "B", "DIP", "GND", "GND", "C", 86.61, 86.61, 59.06, 0],
		[383, "SW1_11_999", 8800, 2625, "T", "DIP", "SW1_11_", "", "C", 66.93, 66.93, 66.93, 0],
		[384, "SW1_11_999", 8800, 2625, "B", "DIP", "SW1_11_", "", "C", 66.93, 66.93, 66.93, 0],
		[385, "SW1_11_999", 9000, 2625, "T", "DIP", "SW1_11_A_", "", "C", 157.48, 157.48, 157.48, 0],
		[386, "SW1_11_999", 9000, 2625, "B", "DIP", "SW1_11_A_", "", "C", 157.48, 157.48, 157.48, 0],
		[387, "SW1_11_999", 9200, 2625, "T", "DIP", "SW1_11_B_", "", "C", 66.93, 66.93, 66.93, 0],
		[388, "SW1_11_999", 9200, 2625, "B", "DIP", "SW1_11_B_", "", "C", 66.93, 66.93, 66.93, 0],
		[389, "SW1_12_1", 9850, 2825, "T", "DIP", "K1_12", "", "C", 86.61, 86.61, 59.06, 0],
		[390, "SW1_12_1", 9850, 2825, "B", "DIP", "K1_12", "", "C", 86.61, 86.61, 59.06, 0],
		[391, "SW1_12_2", 9600, 2725, "T", "DIP", "GND", "GND", "C", 86.61, 86.61, 59.06, 0],
		[392, "SW1_12_2", 9600, 2725, "B", "DIP", "GND", "GND", "C", 86.61, 86.61, 59.06, 0],
		[393, "SW1_12_999", 9550, 2625, "T", "DIP", "SW1_12_", "", "C", 66.93, 66.93, 66.93, 0],
		[394, "SW1_12_999", 9550, 2625, "B", "DIP", "SW1_12_", "", "C", 66.93, 66.93, 66.93, 0],
		[395, "SW1_12_999", 9750, 2625, "T", "DIP", "SW1_12_A_", "", "C", 157.48, 157.48, 157.48, 0],
		[396, "SW1_12_999", 9750, 2625, "B", "DIP", "SW1_12_A_", "", "C", 157.48, 157.48, 157.48, 0],
		[397, "SW1_12_999", 9950, 2625, "T", "DIP", "SW1_12_B_", "", "C", 66.93, 66.93, 66.93, 0],
		[398, "SW1_12_999", 9950, 2625, "B", "DIP", "SW1_12_B_", "", "C", 66.93, 66.93, 66.93, 0],
		[399, "SW1_13_1", 10787.5, 2825, "T", "DIP", "K1_13", "", "C", 86.61, 86.61, 59.06, 0],
		[400, "SW1_13_1", 10787.5, 2825, "B", "DIP", "K1_13", "", "C", 86.61, 86.61, 59.06, 0],
		[401, "SW1_13_2", 10537.5, 2725, "T", "DIP", "GND", "GND", "C", 86.61, 86.61, 59.06, 0],
		[402, "SW1_13_2", 10537.5, 2725, "B", "DIP", "GND", "GND", "C", 86.61, 86.61, 59.06, 0],
		[403, "SW1_13_999", 10887.5, 2625, "T", "DIP", "SW1_13_", "", "C", 66.93, 66.93, 66.93, 0],
		[404, "SW1_13_999", 10887.5, 2625, "B", "DIP", "SW1_13_", "", "C", 66.93, 66.93, 66.93, 0],
		[405, "SW1_13_999", 10487.5, 2625, "T", "DIP", "SW1_13_A_", "", "C", 66.93, 66.93, 66.93, 0],
		[406, "SW1_13_999", 10487.5, 2625, "B", "DIP", "SW1_13_A_", "", "C", 66.93, 66.93, 66.93, 0],
		[407, "SW1_13_999", 10687.5, 2625, "T", "DIP", "SW1_13_B_", "", "C", 157.48, 157.48, 157.48, 0],
		[408, "SW1_13_999", 10687.5, 2625, "B", "DIP", "SW1_13_B_", "", "C", 157.48, 157.48, 157.48, 0],
		[409, "SW2_0_1", 756.25, 2075, "T", "DIP", "K2_0", "", "C", 86.61, 86.61, 59.06, 0],
		[410, "SW2_0_1", 756.25, 2075, "B", "DIP", "K2_0", "", "C", 86.61, 86.61, 59.06, 0],
		[411, "SW2_0_1", 568.75, 2075, "T", "DIP", "K2_0", "", "C", 86.61, 86.61, 59.06, 0],
		[412, "SW2_0_1", 568.75, 2075, "B", "DIP", "K2_0", "", "C", 86.61, 86.61, 59.06, 0],
		[413, "SW2_0_2", 318.75, 1975, "T", "DIP", "GND", "GND", "C", 86.61, 86.61, 59.06, 0],
		[414, "SW2_0_2", 318.75, 1975, "B", "DIP", "GND", "GND", "C", 86.61, 86.61, 59.06, 0],
		[415, "SW2_0_2", 506.25, 1975, "T", "DIP", "GND", "GND", "C", 86.61, 86.61, 59.06, 0],
		[416, "SW2_0_2", 506.25, 1975, "B", "DIP", "GND", "GND", "C", 86.61, 86.61, 59.06, 0],
		[417, "SW2_0_999", 456.25, 1875, "T", "DIP", "SW2_0_", "", "C", 66.93, 66.93, 66.93, 0],
		[418, "SW2_0_999", 456.25, 1875, "B", "DIP", "SW2_0_", "", "C", 66.93, 66.93, 66.93, 0],
		[419, "SW2_0_999", 656.25, 1875, "T", "DIP", "SW2_0_A_", "", "C", 157.48, 157.48, 157.48, 0],
		[420, "SW2_0_999", 656.25, 1875, "B", "DIP", "SW2_0_A_", "", "C", 157.48, 157.48, 157.48, 0],
		[421, "SW2_0_999", 468.75, 1875, "T", "DIP", "SW2_0_B_", "", "C", 157.48, 157.48, 157.48, 0],
		[422, "SW2_0_999", 468.75, 1875, "B", "DIP", "SW2_0_B_", "", "C", 157.48, 157.48, 157.48, 0],
		[423, "SW2_0_999", 668.75, 1875, "T", "DIP", "SW2_0_C_", "", "C", 66.93, 66.93, 66.93, 0],
		[424, "SW2_0_999", 668.75, 1875, "B", "DIP", "SW2_0_C_", "", "C", 66.93, 66.93, 66.93, 0],
		[425, "SW2_0_999", 268.75, 1875, "T", "DIP", "SW2_0_D_", "", "C", 66.93, 66.93, 66.93, 0],
		[426, "SW2_0_999", 268.75, 1875, "B", "DIP", "SW2_0_D_", "", "C", 66.93, 66.93, 66.93, 0],
		[427, "SW2_0_999", 856.25, 1875, "T", "DIP", "SW2_0_E_", "", "C", 66.93, 66.93, 66.93, 0],
		[428, "SW2_0_999", 856.25, 1875, "B", "DIP", "SW2_0_E_", "", "C", 66.93, 66.93, 66.93, 0],
		[429, "SW2_1_1", 1787.5, 2075, "T", "DIP", "K2_1", "", "C", 86.61, 86.61, 59.06, 0],
		[430, "SW2_1_1", 1787.5, 2075, "B", "DIP", "K2_1", "", "C", 86.61, 86.61, 59.06, 0],
		[431, "SW2_1_2", 1537.5, 1975, "T", "DIP", "GND", "GND", "C", 86.61, 86.61, 59.06, 0],
		[432, "SW2_1_2", 1537.5, 1975, "B", "DIP", "GND", "GND", "C", 86.61, 86.61, 59.06, 0],
		[433, "SW2_1_999", 1487.5, 1875, "T", "DIP", "SW2_1_", "", "C", 66.93, 66.93, 66.93, 0],
		[434, "SW2_1_999", 1487.5, 1875, "B", "DIP", "SW2_1_", "", "C", 66.93, 66.93, 66.93, 0],
		[435, "SW2_1_999", 1687.5, 1875, "T", "DIP", "SW2_1_A_", "", "C", 157.48, 157.48, 157.48, 0],
		[436, "SW2_1_999", 1687.5, 1875, "B", "DIP", "SW2_1_A_", "", "C", 157.48, 157.48, 157.48, 0],
		[437, "SW2_1_999", 1887.5, 1875, "T", "DIP", "SW2_1_B_", "", "C", 66.93, 66.93, 66.93, 0],
		[438, "SW2_1_999", 1887.5, 1875, "B", "DIP", "SW2_1_B_", "", "C", 66.93, 66.93, 66.93, 0],
		[439, "SW2_2_1", 2537.5, 2075, "T", "DIP", "K2_2", "", "C", 86.61, 86.61, 59.06, 0],
		[440, "SW2_2_1", 2537.5, 2075, "B", "DIP", "K2_2", "", "C", 86.61, 86.61, 59.06, 0],
		[441, "SW2_2_2", 2287.5, 1975, "T", "DIP", "GND", "GND", "C", 86.61, 86.61, 59.06, 0],
		[442, "SW2_2_2", 2287.5, 1975, "B", "DIP", "GND", "GND", "C", 86.61, 86.61, 59.06, 0],
		[443, "SW2_2_999", 2237.5, 1875, "T", "DIP", "SW2_2_", "", "C", 66.93, 66.93, 66.93, 0],
		[444, "SW2_2_999", 2237.5, 1875, "B", "DIP", "SW2_2_", "", "C", 66.93, 66.93, 66.93, 0],
		[445, "SW2_2_999", 2437.5, 1875, "T", "DIP", "SW2_2_A_", "", "C", 157.48, 157.48, 157.48, 0],
		[446, "SW2_2_999", 2437.5, 1875, "B", "DIP", "SW2_2_A_", "", "C", 157.48, 157.48, 157.48, 0],
		[447, "SW2_2_999", 2637.5, 1875, "T", "DIP", "SW2_2_B_", "", "C", 66.93, 66.93, 66.93, 0],
		[448, "SW2_2_999", 2637.5, 1875, "B", "DIP", "SW2_2_B_", "", "C", 66.93, 66.93, 66.93, 0],
		[449, "SW2_3_1", 3287.5, 2070, "T", "DIP", "K2_3", "", "C", 86.61, 86.61, 59.06, 0],
		[450, "SW2_3_1", 3287.5, 2070, "B", "DIP", "K2_3", "", "C", 86.61, 86.61, 59.06, 0],
		[451, "SW2_3_2", 3037.5, 1970, "T", "DIP", "GND", "GND", "C", 86.61, 86.61, 59.06, 0],
		[452, "SW2_3_2", 3037.5, 1970, "B", "DIP", "GND", "GND", "C", 86.61, 86.61, 59.06, 0],
		[453, "SW2_3_999", 2987.5, 1870, "T", "DIP", "SW2_3_", "", "C", 66.93, 66.93, 66.93, 0],
		[454, "SW2_3_999", 2987.5, 1870, "B", "DIP", "SW2_3_", "", "C", 66.93, 66.93, 66.93, 0],
		[455, "SW2_3_999", 3187.5, 1870, "T", "DIP", "SW2_3_A_", "", "C", 157.48, 157.48, 157.48, 0],
		[456, "SW2_3_999", 3187.5, 1870, "B", "DIP", "SW2_3_A_", "", "C", 157.48, 157.48, 157.48, 0],
		[457, "SW2_3_999", 3387.5, 1870, "T", "DIP", "SW2_3_B_", "", "C", 66.93, 66.93, 66.93, 0],
		[458, "SW2_3_999", 3387.5, 1870, "B", "DIP", "SW2_3_B_", "", "C", 66.93, 66.93, 66.93, 0],
		[459, "SW2_4_1", 4037.5, 2075, "T", "DIP", "K2_4", "", "C", 86.61, 86.61, 59.06, 0],
		[460, "SW2_4_1", 4037.5, 2075, "B", "DIP", "K2_4", "", "C", 86.61, 86.61, 59.06, 0],
		[461, "SW2_4_2", 3787.5, 1975, "T", "DIP", "GND", "GND", "C", 86.61, 86.61, 59.06, 0],
		[462, "SW2_4_2", 3787.5, 1975, "B", "DIP", "GND", "GND", "C", 86.61, 86.61, 59.06, 0],
		[463, "SW2_4_999", 3737.5, 1875, "T", "DIP", "SW2_4_", "", "C", 66.93, 66.93, 66.93, 0],
		[464, "SW2_4_999", 3737.5, 1875, "B", "DIP", "SW2_4_", "", "C", 66.93, 66.93, 66.93, 0],
		[465, "SW2_4_999", 3937.5, 1875, "T", "DIP", "SW2_4_A_", "", "C", 157.48, 157.48, 157.48, 0],
		[466, "SW2_4_999", 3937.5, 1875, "B", "DIP", "SW2_4_A_", "", "C", 157.48, 157.48, 157.48, 0],
		[467, "SW2_4_999", 4137.5, 1875, "T", "DIP", "SW2_4_B_", "", "C", 66.93, 66.93, 66.93, 0],
		[468, "SW2_4_999", 4137.5, 1875, "B", "DIP", "SW2_4_B_", "", "C", 66.93, 66.93, 66.93, 0],
		[469, "SW2_5_1", 4787.5, 2075, "T", "DIP", "K2_5", "", "C", 86.61, 86.61, 59.06, 0],
		[470, "SW2_5_1", 4787.5, 2075, "B", "DIP", "K2_5", "", "C", 86.61, 86.61, 59.06, 0],
		[471, "SW2_5_2", 4537.5, 1975, "T", "DIP", "GND", "GND", "C", 86.61, 86.61, 59.06, 0],
		[472, "SW2_5_2", 4537.5, 1975, "B", "DIP", "GND", "GND", "C", 86.61, 86.61, 59.06, 0],
		[473, "SW2_5_999", 4487.5, 1875, "T", "DIP", "SW2_5_", "", "C", 66.93, 66.93, 66.93, 0],
		[474, "SW2_5_999", 4487.5, 1875, "B", "DIP", "SW2_5_", "", "C", 66.93, 66.93, 66.93, 0],
		[475, "SW2_5_999", 4687.5, 1875, "T", "DIP", "SW2_5_A_", "", "C", 157.48, 157.48, 157.48, 0],
		[476, "SW2_5_999", 4687.5, 1875, "B", "DIP", "SW2_5_A_", "", "C", 157.48, 157.48, 157.48, 0],
		[477, "SW2_5_999", 4887.5, 1875, "T", "DIP", "SW2_5_B_", "", "C", 66.93, 66.93, 66.93, 0],
		[478, "SW2_5_999", 4887.5, 1875, "B", "DIP", "SW2_5_B_", "", "C", 66.93, 66.93, 66.93, 0],
		[479, "SW2_6_1", 5537.5, 2075, "T", "DIP", "K2_6", "", "C", 86.61, 86.61, 59.06, 0],
		[480, "SW2_6_1", 5537.5, 2075, "B", "DIP", "K2_6", "", "C", 86.61, 86.61, 59.06, 0],
		[481, "SW2_6_2", 5287.5, 1975, "T", "DIP", "GND", "GND", "C", 86.61, 86.61, 59.06, 0],
		[482, "SW2_6_2", 5287.5, 1975, "B", "DIP", "GND", "GND", "C", 86.61, 86.61, 59.06, 0],
		[483, "SW2_6_999", 5237.5, 1875, "T", "DIP", "SW2_6_", "", "C", 66.93, 66.93, 66.93, 0],
		[484, "SW2_6_999", 5237.5, 1875, "B", "DIP", "SW2_6_", "", "C", 66.93, 66.93, 66.93, 0],
		[485, "SW2_6_999", 5437.5, 1875, "T", "DIP", "SW2_6_A_", "", "C", 157.48, 157.48, 157.48, 0],
		[486, "SW2_6_999", 5437.5, 1875, "B", "DIP", "SW2_6_A_", "", "C", 157.48, 157.48, 157.48, 0],
		[487, "SW2_6_999", 5637.5, 1875, "T", "DIP", "SW2_6_B_", "", "C", 66.93, 66.93, 66.93, 0],
		[488, "SW2_6_999", 5637.5, 1875, "B", "DIP", "SW2_6_B_", "", "C", 66.93, 66.93, 66.93, 0],
		[489, "SW2_7_1", 6287.5, 2075, "T", "DIP", "K2_7", "", "C", 86.61, 86.61, 59.06, 0],
		[490, "SW2_7_1", 6287.5, 2075, "B", "DIP", "K2_7", "", "C", 86.61, 86.61, 59.06, 0],
		[491, "SW2_7_2", 6037.5, 1975, "T", "DIP", "GND", "GND", "C", 86.61, 86.61, 59.06, 0],
		[492, "SW2_7_2", 6037.5, 1975, "B", "DIP", "GND", "GND", "C", 86.61, 86.61, 59.06, 0],
		[493, "SW2_7_999", 5987.5, 1875, "T", "DIP", "SW2_7_", "", "C", 66.93, 66.93, 66.93, 0],
		[494, "SW2_7_999", 5987.5, 1875, "B", "DIP", "SW2_7_", "", "C", 66.93, 66.93, 66.93, 0],
		[495, "SW2_7_999", 6187.5, 1875, "T", "DIP", "SW2_7_A_", "", "C", 157.48, 157.48, 157.48, 0],
		[496, "SW2_7_999", 6187.5, 1875, "B", "DIP", "SW2_7_A_", "", "C", 157.48, 157.48, 157.48, 0],
		[497, "SW2_7_999", 6387.5, 1875, "T", "DIP", "SW2_7_B_", "", "C", 66.93, 66.93, 66.93, 0],
		[498, "SW2_7_999", 6387.5, 1875, "B", "DIP", "SW2_7_B_", "", "C", 66.93, 66.93, 66.93, 0],
		[499, "SW2_8_1", 7037.5, 2075, "T", "DIP", "K2_8", "", "C", 86.61, 86.61, 59.06, 0],
		[500, "SW2_8_1", 7037.5, 2075, "B", "DIP", "K2_8", "", "C", 86.61, 86.61, 59.06, 0],
		[501, "SW2_8_2", 6787.5, 1975, "T", "DIP", "GND", "GND", "C", 86.61, 86.61, 59.06, 0],
		[502, "SW2_8_2", 6787.5, 1975, "B", "DIP", "GND", "GND", "C", 86.61, 86.61, 59.06, 0],
		[503, "SW2_8_999", 6737.5, 1875, "T", "DIP", "SW2_8_", "", "C", 66.93, 66.93, 66.93, 0],
		[504, "SW2_8_999", 6737.5, 1875, "B", "DIP", "SW2_8_", "", "C", 66.93, 66.93, 66.93, 0],
		[505, "SW2_8_999", 6937.5, 1875, "T", "DIP", "SW2_8_A_", "", "C", 157.48, 157.48, 157.48, 0],
		[506, "SW2_8_999", 6937.5, 1875, "B", "DIP", "SW2_8_A_", "", "C", 157.48, 157.48, 157.48, 0],
		[507, "SW2_8_999", 7137.5, 1875, "T", "DIP", "SW2_8_B_", "", "C", 66.93, 66.93, 66.93, 0],
		[508, "SW2_8_999", 7137.5, 1875, "B", "DIP", "SW2_8_B_", "", "C", 66.93, 66.93, 66.93, 0],
		[509, "SW2_9_1", 7787.5, 2075, "T", "DIP", "K2_9", "", "C", 86.61, 86.61, 59.06, 0],
		[510, "SW2_9_1", 7787.5, 2075, "B", "DIP", "K2_9", "", "C", 86.61, 86.61, 59.06, 0],
		[511, "SW2_9_2", 7537.5, 1975, "T", "DIP", "GND", "GND", "C", 86.61, 86.61, 59.06, 0],
		[512, "SW2_9_2", 7537.5, 1975, "B", "DIP", "GND", "GND", "C", 86.61, 86.61, 59.06, 0],
		[513, "SW2_9_999", 7487.5, 1875, "T", "DIP", "SW2_9_", "", "C", 66.93, 66.93, 66.93, 0],
		[514, "SW2_9_999", 7487.5, 1875, "B", "DIP", "SW2_9_", "", "C", 66.93, 66.93, 66.93, 0],
		[515, "SW2_9_999", 7687.5, 1875, "T", "DIP", "SW2_9_A_", "", "C", 157.48, 157.48, 157.48, 0],
		[516, "SW2_9_999", 7687.5, 1875, "B", "DIP", "SW2_9_A_", "", "C", 157.48, 157.48, 157.48, 0],
		[517, "SW2_9_999", 7887.5, 1875, "T", "DIP", "SW2_9_B_", "", "C", 66.93, 66.93, 66.93, 0],
		[518, "SW2_9_999", 7887.5, 1875, "B", "DIP", "SW2_9_B_", "", "C", 66.93, 66.93, 66.93, 0],
		[519, "SW2_10_1", 8537.5, 2075, "T", "DIP", "K2_10", "", "C", 86.61, 86.61, 59.06, 0],
		[520, "SW2_10_1", 8537.5, 2075, "B", "DIP", "K2_10", "", "C", 86.61, 86.61, 59.06, 0],
		[521, "SW2_10_2", 8287.5, 1975, "T", "DIP", "GND", "GND", "C", 86.61, 86.61, 59.06, 0],
		[522, "SW2_10_2", 8287.5, 1975, "B", "DIP", "GND", "GND", "C", 86.61, 86.61, 59.06, 0],
		[523, "SW2_10_999", 8237.5, 1875, "T", "DIP", "SW2_10_", "", "C", 66.93, 66.93, 66.93, 0],
		[524, "SW2_10_999", 8237.5, 1875, "B", "DIP", "SW2_10_", "", "C", 66.93, 66.93, 66.93, 0],
		[525, "SW2_10_999", 8437.5, 1875, "T", "DIP", "SW2_10_A_", "", "C", 157.48, 157.48, 157.48, 0],
		[526, "SW2_10_999", 8437.5, 1875, "B", "DIP", "SW2_10_A_", "", "C", 157.48, 157.48, 157.48, 0],
		[527, "SW2_10_999", 8637.5, 1875, "T", "DIP", "SW2_10_B_", "", "C", 66.93, 66.93, 66.93, 0],
		[528, "SW2_10_999", 8637.5, 1875, "B", "DIP", "SW2_10_B_", "", "C", 66.93, 66.93, 66.93, 0],
		[529, "SW2_11_1", 9287.5, 2075, "T", "DIP", "K2_11", "", "C", 86.61, 86.61, 59.06, 0],
		[530, "SW2_11_1", 9287.5, 2075, "B", "DIP", "K2_11", "", "C", 86.61, 86.61, 59.06, 0],
		[531, "SW2_11_2", 9037.5, 1975, "T", "DIP", "GND", "GND", "C", 86.61, 86.61, 59.06, 0],
		[532, "SW2_11_2", 9037.5, 1975, "B", "DIP", "GND", "GND", "C", 86.61, 86.61, 59.06, 0],
		[533, "SW2_11_999", 8987.5, 1875, "T", "DIP", "SW2_11_", "", "C", 66.93, 66.93, 66.93, 0],
		[534, "SW2_11_999", 8987.5, 1875, "B", "DIP", "SW2_11_", "", "C", 66.93, 66.93, 66.93, 0],
		[535, "SW2_11_999", 9187.5, 1875, "T", "DIP", "SW2_11_A_", "", "C", 157.48, 157.48, 157.48, 0],
		[536, "SW2_11_999", 9187.5, 1875, "B", "DIP", "SW2_11_A_", "", "C", 157.48, 157.48, 157.48, 0],
		[537, "SW2_11_999", 9387.5, 1875, "T", "DIP", "SW2_11_B_", "", "C", 66.93, 66.93, 66.93, 0],
		[538, "SW2_11_999", 9387.5, 1875, "B", "DIP", "SW2_11_B_", "", "C", 66.93, 66.93, 66.93, 0],
		[539, "SW2_12_1", 10506.25, 2075, "T", "DIP", "K2_12", "", "C", 86.61, 86.61, 59.06, 0],
		[540, "SW2_12_1", 10506.25, 2075, "B", "DIP", "K2_12", "", "C", 86.61, 86.61, 59.06, 0],
		[541, "SW2_12_2", 10256.25, 1975, "T", "DIP", "GND", "GND", "C", 86.61, 86.61, 59.06, 0],
		[542, "SW2_12_2", 10256.25, 1975, "B", "DIP", "GND", "GND", "C", 86.61, 86.61, 59.06, 0],
		[543, "SW2_12_999", 10406.25, 1875, "T", "DIP", "SW2_12_", "", "C", 157.48, 157.48, 157.48, 0],
		[544, "SW2_12_999", 10406.25, 1875, "B", "DIP", "SW2_12_", "", "C", 157.48, 157.48, 157.48, 0],
		[545, "SW2_12_999", 10206.25, 1875, "T", "DIP", "SW2_12_A_", "", "C", 66.93, 66.93, 66.93, 0],
		[546, "SW2_12_999", 10206.25, 1875, "B", "DIP", "SW2_12_A_", "", "C", 66.93, 66.93, 66.93, 0],
		[547, "SW2_12_999", 10874.75, 1550.59, "T", "DIP", "SW2_12_B_", "", "C", 157.48, 157.48, 157.48, 0],
		[548, "SW2_12_999", 10874.75, 1550.59, "B", "DIP", "SW2_12_B_", "", "C", 157.48, 157.48, 157.48, 0],
		[549, "SW2_12_999", 10606.25, 1875, "T", "DIP", "SW2_12_C_", "", "C", 66.93, 66.93, 66.93, 0],
		[550, "SW2_12_999", 10606.25, 1875, "B", "DIP", "SW2_12_C_", "", "C", 66.93, 66.93, 66.93, 0],
		[551, "SW2_12_999", 9937.75, 2150.59, "T", "DIP", "SW2_12_D_", "", "C", 120.08, 120.08, 120.08, 0],
		[552, "SW2_12_999", 9937.75, 2150.59, "B", "DIP", "SW2_12_D_", "", "C", 120.08, 120.08, 120.08, 0],
		[553, "SW2_12_999", 10874.75, 2150.59, "T", "DIP", "SW2_12_E_", "", "C", 120.08, 120.08, 120.08, 0],
		[554, "SW2_12_999", 10874.75, 2150.59, "B", "DIP", "SW2_12_E_", "", "C", 120.08, 120.08, 120.08, 0],
		[555, "SW2_12_999", 9937.75, 1550.59, "T", "DIP", "SW2_12_F_", "", "C", 157.48, 157.48, 157.48, 0],
		[556, "SW2_12_999", 9937.75, 1550.59, "B", "DIP", "SW2_12_F_", "", "C", 157.48, 157.48, 157.48, 0],
		[557, "SW3_0-1_1", 943.75, 1325, "T", "DIP", "K3_0", "", "C", 86.61, 86.61, 59.06, 0],
		[558, "SW3_0-1_1", 943.75, 1325, "B", "DIP", "K3_0", "", "C", 86.61, 86.61, 59.06, 0],
		[559, "SW3_0-1_1", 568.75, 1325, "T", "DIP", "K3_0", "", "C", 86.61, 86.61, 59.06, 0],
		[560, "SW3_0-1_1", 568.75, 1325, "B", "DIP", "K3_0", "", "C", 86.61, 86.61, 59.06, 0],
		[561, "SW3_0-1_2", 318.75, 1225, "T", "DIP", "GND", "GND", "C", 86.61, 86.61, 59.06, 0],
		[562, "SW3_0-1_2", 318.75, 1225, "B", "DIP", "GND", "GND", "C", 86.61, 86.61, 59.06, 0],
		[563, "SW3_0-1_2", 693.75, 1225, "T", "DIP", "GND", "GND", "C", 86.61, 86.61, 59.06, 0],
		[564, "SW3_0-1_2", 693.75, 1225, "B", "DIP", "GND", "GND", "C", 86.61, 86.61, 59.06, 0],
		[565, "SW3_0-1_3", 1412.5, 1325, "T", "DIP", "K3_1", "", "C", 86.61, 86.61, 59.06, 0],
		[566, "SW3_0-1_3", 1412.5, 1325, "B", "DIP", "K3_1", "", "C", 86.61, 86.61, 59.06, 0],
		[567, "SW3_0-1_4", 1162.5, 1225, "T", "DIP", "GND", "GND", "C", 86.61, 86.61, 59.06, 0],
		[568, "SW3_0-1_4", 1162.5, 1225, "B", "DIP", "GND", "GND", "C", 86.61, 86.61, 59.06, 0],
		[569, "SW3_0-1_999", 375.25, 800.59, "T", "DIP", "SW3_0-1_", "", "C", 157.48, 157.48, 157.48, 0],
		[570, "SW3_0-1_999", 375.25, 800.59, "B", "DIP", "SW3_0-1_", "", "C", 157.48, 157.48, 157.48, 0],
		[571, "SW3_0-1_999", 843.75, 1125, "T", "DIP", "SW3_0-1_A_", "", "C", 157.48, 157.48, 157.48, 0],
		[572, "SW3_0-1_999", 843.75, 1125, "B", "DIP", "SW3_0-1_A_", "", "C", 157.48, 157.48, 157.48, 0],
		[573, "SW3_0-1_999", 468.75, 1125, "T", "DIP", "SW3_0-1_B_", "", "C", 157.48, 157.48, 157.48, 0],
		[574, "SW3_0-1_999", 468.75, 1125, "B", "DIP", "SW3_0-1_B_", "", "C", 157.48, 157.48, 157.48, 0],
		[575, "SW3_0-1_999", 1312.25, 1400.59, "T", "DIP", "SW3_0-1_C_", "", "C", 120.08, 120.08, 120.08, 0],
		[576, "SW3_0-1_999", 1312.25, 1400.59, "B", "DIP", "SW3_0-1_C_", "", "C", 120.08, 120.08, 120.08, 0],
		[577, "SW3_0-1_999", 1312.5, 1125, "T", "DIP", "SW3_0-1_D_", "", "C", 157.48, 157.48, 157.48, 0],
		[578, "SW3_0-1_999", 1312.5, 1125, "B", "DIP", "SW3_0-1_D_", "", "C", 157.48, 157.48, 157.48, 0],
		[579, "SW3_0-1_999", 668.75, 1125, "T", "DIP", "SW3_0-1_E_", "", "C", 66.93, 66.93, 66.93, 0],
		[580, "SW3_0-1_999", 668.75, 1125, "B", "DIP", "SW3_0-1_E_", "", "C", 66.93, 66.93, 66.93, 0],
		[581, "SW3_0-1_999", 643.75, 1125, "T", "DIP", "SW3_0-1_F_", "", "C", 66.93, 66.93, 66.93, 0],
		[582, "SW3_0-1_999", 643.75, 1125, "B", "DIP", "SW3_0-1_F_", "", "C", 66.93, 66.93, 66.93, 0],
		[583, "SW3_0-1_999", 1512.5, 1125, "T", "DIP", "SW3_0-1_G_", "", "C", 66.93, 66.93, 66.93, 0],
		[584, "SW3_0-1_999", 1512.5, 1125, "B", "DIP", "SW3_0-1_G_", "", "C", 66.93, 66.93, 66.93, 0],
		[585, "SW3_0-1_999", 375.25, 1400.59, "T", "DIP", "SW3_0-1_H_", "", "C", 120.08, 120.08, 120.08, 0],
		[586, "SW3_0-1_999", 375.25, 1400.59, "B", "DIP", "SW3_0-1_H_", "", "C", 120.08, 120.08, 120.08, 0],
		[587, "SW3_0-1_999", 268.75, 1125, "T", "DIP", "SW3_0-1_I_", "", "C", 66.93, 66.93, 66.93, 0],
		[588, "SW3_0-1_999", 268.75, 1125, "B", "DIP", "SW3_0-1_I_", "", "C", 66.93, 66.93, 66.93, 0],
		[589, "SW3_0-1_999", 1043.75, 1125, "T", "DIP", "SW3_0-1_J_", "", "C", 66.93, 66.93, 66.93, 0],
		[590, "SW3_0-1_999", 1043.75, 1125, "B", "DIP", "SW3_0-1_J_", "", "C", 66.93, 66.93, 66.93, 0],
		[591, "SW3_0-1_999", 1312.25, 800.59, "T", "DIP", "SW3_0-1_K_", "", "C", 157.48, 157.48, 157.48, 0],
		[592, "SW3_0-1_999", 1312.25, 800.59, "B", "DIP", "SW3_0-1_K_", "", "C", 157.48, 157.48, 157.48, 0],
		[593, "SW3_0-1_999", 1112.5, 1125, "T", "DIP", "SW3_0-1_L_", "", "C", 66.93, 66.93, 66.93, 0],
		[594, "SW3_0-1_999", 1112.5, 1125, "B", "DIP", "SW3_0-1_L_", "", "C", 66.93, 66.93, 66.93, 0],
		[595, "SW3_2_1", 2162.5, 1325, "T", "DIP", "K3_2", "", "C", 86.61, 86.61, 59.06, 0],
		[596, "SW3_2_1", 2162.5, 1325, "B", "DIP", "K3_2", "", "C", 86.61, 86.61, 59.06, 0],
		[597, "SW3_2_2", 1912.5, 1225, "T", "DIP", "GND", "GND", "C", 86.61, 86.61, 59.06, 0],
		[598, "SW3_2_2", 1912.5, 1225, "B", "DIP", "GND", "GND", "C", 86.61, 86.61, 59.06, 0],
		[599, "SW3_2_999", 1862.5, 1125, "T", "DIP", "SW3_2_", "", "C", 66.93, 66.93, 66.93, 0],
		[600, "SW3_2_999", 1862.5, 1125, "B", "DIP", "SW3_2_", "", "C", 66.93, 66.93, 66.93, 0],
		[601, "SW3_2_999", 2062.5, 1125, "T", "DIP", "SW3_2_A_", "", "C", 157.48, 157.48, 157.48, 0],
		[602, "SW3_2_999", 2062.5, 1125, "B", "DIP", "SW3_2_A_", "", "C", 157.48, 157.48, 157.48, 0],
		[603, "SW3_2_999", 2262.5, 1125, "T", "DIP", "SW3_2_B_", "", "C", 66.93, 66.93, 66.93, 0],
		[604, "SW3_2_999", 2262.5, 1125, "B", "DIP", "SW3_2_B_", "", "C", 66.93, 66.93, 66.93, 0],
		[605, "SW3_3_1", 2912.5, 1325, "T", "DIP", "K3_3", "", "C", 86.61, 86.61, 59.06, 0],
		[606, "SW3_3_1", 2912.5, 1325, "B", "DIP", "K3_3", "", "C", 86.61, 86.61, 59.06, 0],
		[607, "SW3_3_2", 2662.5, 1225, "T", "DIP", "GND", "GND", "C", 86.61, 86.61, 59.06, 0],
		[608, "SW3_3_2", 2662.5, 1225, "B", "DIP", "GND", "GND", "C", 86.61, 86.61, 59.06, 0],
		[609, "SW3_3_999", 2612.5, 1125, "T", "DIP", "SW3_3_", "", "C", 66.93, 66.93, 66.93, 0],
		[610, "SW3_3_999", 2612.5, 1125, "B", "DIP", "SW3_3_", "", "C", 66.93, 66.93, 66.93, 0],
		[611, "SW3_3_999", 2812.5, 1125, "T", "DIP", "SW3_3_A_", "", "C", 157.48, 157.48, 157.48, 0],
		[612, "SW3_3_999", 2812.5, 1125, "B", "DIP", "SW3_3_A_", "", "C", 157.48, 157.48, 157.48, 0],
		[613, "SW3_3_999", 3012.5, 1125, "T", "DIP", "SW3_3_B_", "", "C", 66.93, 66.93, 66.93, 0],
		[614, "SW3_3_999", 3012.5, 1125, "B", "DIP", "SW3_3_B_", "", "C", 66.93, 66.93, 66.93, 0],
		[615, "SW3_4_1", 3662.5, 1325, "T", "DIP", "K3_4", "", "C", 86.61, 86.61, 59.06, 0],
		[616, "SW3_4_1", 3662.5, 1325, "B", "DIP", "K3_4", "", "C", 86.61, 86.61, 59.06, 0],
		[617, "SW3_4_2", 3412.5, 1225, "T", "DIP", "GND", "GND", "C", 86.61, 86.61, 59.06, 0],
		[618, "SW3_4_2", 3412.5, 1225, "B", "DIP", "GND", "GND", "C", 86.61, 86.61, 59.06, 0],
		[619, "SW3_4_999", 3362.5, 1125, "T", "DIP", "SW3_4_", "", "C", 66.93, 66.93, 66.93, 0],
		[620, "SW3_4_999", 3362.5, 1125, "B", "DIP", "SW3_4_", "", "C", 66.93, 66.93, 66.93, 0],
		[621, "SW3_4_999", 3562.5, 1125, "T", "DIP", "SW3_4_A_", "", "C", 157.48, 157.48, 157.48, 0],
		[622, "SW3_4_999", 3562.5, 1125, "B", "DIP", "SW3_4_A_", "", "C", 157.48, 157.48, 157.48, 0],
		[623, "SW3_4_999", 3762.5, 1125, "T", "DIP", "SW3_4_B_", "", "C", 66.93, 66.93, 66.93, 0],
		[624, "SW3_4_999", 3762.5, 1125, "B", "DIP", "SW3_4_B_", "", "C", 66.93, 66.93, 66.93, 0],
		[625, "SW3_5_1", 4412.5, 1325, "T", "DIP", "K3_5", "", "C", 86.61, 86.61, 59.06, 0],
		[626, "SW3_5_1", 4412.5, 1325, "B", "DIP", "K3_5", "", "C", 86.61, 86.61, 59.06, 0],
		[627, "SW3_5_2", 4162.5, 1225, "T", "DIP", "GND", "GND", "C", 86.61, 86.61, 59.06, 0],
		[628, "SW3_5_2", 4162.5, 1225, "B", "DIP", "GND", "GND", "C", 86.61, 86.61, 59.06, 0],
		[629, "SW3_5_999", 4112.5, 1125, "T", "DIP", "SW3_5_", "", "C", 66.93, 66.93, 66.93, 0],
		[630, "SW3_5_999", 4112.5, 1125, "B", "DIP", "SW3_5_", "", "C", 66.93, 66.93, 66.93, 0],
		[631, "SW3_5_999", 4312.5, 1125, "T", "DIP", "SW3_5_A_", "", "C", 157.48, 157.48, 157.48, 0],
		[632, "SW3_5_999", 4312.5, 1125, "B", "DIP", "SW3_5_A_", "", "C", 157.48, 157.48, 157.48, 0],
		[633, "SW3_5_999", 4512.5, 1125, "T", "DIP", "SW3_5_B_", "", "C", 66.93, 66.93, 66.93, 0],
		[634, "SW3_5_999", 4512.5, 1125, "B", "DIP", "SW3_5_B_", "", "C", 66.93, 66.93, 66.93, 0],
		[635, "SW3_6_1", 5162.5, 1325, "T", "DIP", "K3_6", "", "C", 86.61, 86.61, 59.06, 0],
		[636, "SW3_6_1", 5162.5, 1325, "B", "DIP", "K3_6", "", "C", 86.61, 86.61, 59.06, 0],
		[637, "SW3_6_2", 4912.5, 1225, "T", "DIP", "GND", "GND", "C", 86.61, 86.61, 59.06, 0],
		[638, "SW3_6_2", 4912.5, 1225, "B", "DIP", "GND", "GND", "C", 86.61, 86.61, 59.06, 0],
		[639, "SW3_6_999", 4862.5, 1125, "T", "DIP", "SW3_6_", "", "C", 66.93, 66.93, 66.93, 0],
		[640, "SW3_6_999", 4862.5, 1125, "B", "DIP", "SW3_6_", "", "C", 66.93, 66.93, 66.93, 0],
		[641, "SW3_6_999", 5062.5, 1125, "T", "DIP", "SW3_6_A_", "", "C", 157.48, 157.48, 157.48, 0],
		[642, "SW3_6_999", 5062.5, 1125, "B", "DIP", "SW3_6_A_", "", "C", 157.48, 157.48, 157.48, 0],
		[643, "SW3_6_999", 5262.5, 1125, "T", "DIP", "SW3_6_B_", "", "C", 66.93, 66.93, 66.93, 0],
		[644, "SW3_6_999", 5262.5, 1125, "B", "DIP", "SW3_6_B_", "", "C", 66.93, 66.93, 66.93, 0],
		[645, "SW3_7_1", 5912.5, 1325, "T", "DIP", "K3_7", "", "C", 86.61, 86.61, 59.06, 0],
		[646, "SW3_7_1", 5912.5, 1325, "B", "DIP", "K3_7", "", "C", 86.61, 86.61, 59.06, 0],
		[647, "SW3_7_2", 5662.5, 1225, "T", "DIP", "GND", "GND", "C", 86.61, 86.61, 59.06, 0],
		[648, "SW3_7_2", 5662.5, 1225, "B", "DIP", "GND", "GND", "C", 86.61, 86.61, 59.06, 0],
		[649, "SW3_7_999", 5612.5, 1125, "T", "DIP", "SW3_7_", "", "C", 66.93, 66.93, 66.93, 0],
		[650, "SW3_7_999", 5612.5, 1125, "B", "DIP", "SW3_7_", "", "C", 66.93, 66.93, 66.93, 0],
		[651, "SW3_7_999", 5812.5, 1125, "T", "DIP", "SW3_7_A_", "", "C", 157.48, 157.48, 157.48, 0],
		[652, "SW3_7_999", 5812.5, 1125, "B", "DIP", "SW3_7_A_", "", "C", 157.48, 157.48, 157.48, 0],
		[653, "SW3_7_999", 6012.5, 1125, "T", "DIP", "SW3_7_B_", "", "C", 66.93, 66.93, 66.93, 0],
		[654, "SW3_7_999", 6012.5, 1125, "B", "DIP", "SW3_7_B_", "", "C", 66.93, 66.93, 66.93, 0],
		[655, "SW3_8_1", 6662.5, 1325, "T", "DIP", "K3_8", "", "C", 86.61, 86.61, 59.06, 0],
		[656, "SW3_8_1", 6662.5, 1325, "B", "DIP", "K3_8", "", "C", 86.61, 86.61, 59.06, 0],
		[657, "SW3_8_2", 6412.5, 1225, "T", "DIP", "GND", "GND", "C", 86.61, 86.61, 59.06, 0],
		[658, "SW3_8_2", 6412.5, 1225, "B", "DIP", "GND", "GND", "C", 86.61, 86.61, 59.06, 0],
		[659, "SW3_8_999", 6362.5, 1125, "T", "DIP", "SW3_8_", "", "C", 66.93, 66.93, 66.93, 0],
		[660, "SW3_8_999", 6362.5, 1125, "B", "DIP", "SW3_8_", "", "C", 66.93, 66.93, 66.93, 0],
		[661, "SW3_8_999", 6562.5, 1125, "T", "DIP", "SW3_8_A_", "", "C", 157.48, 157.48, 157.48, 0],
		[662, "SW3_8_999", 6562.5, 1125, "B", "DIP", "SW3_8_A_", "", "C", 157.48, 157.48, 157.48, 0],
		[663, "SW3_8_999", 6762.5, 1125, "T", "DIP", "SW3_8_B_", "", "C", 66.93, 66.93, 66.93, 0],
		[664, "SW3_8_999", 6762.5, 1125, "B", "DIP", "SW3_8_B_", "", "C", 66.93, 66.93, 66.93, 0],
		[665, "SW3_9_1", 7412.5, 1325, "T", "DIP", "K3_9", "", "C", 86.61, 86.61, 59.06, 0],
		[666, "SW3_9_1", 7412.5, 1325, "B", "DIP", "K3_9", "", "C", 86.61, 86.61, 59.06, 0],
		[667, "SW3_9_2", 7162.5, 1225, "T", "DIP", "GND", "GND", "C", 86.61, 86.61, 59.06, 0],
		[668, "SW3_9_2", 7162.5, 1225, "B", "DIP", "GND", "GND", "C", 86.61, 86.61, 59.06, 0],
		[669, "SW3_9_999", 7112.5, 1125, "T", "DIP", "SW3_9_", "", "C", 66.93, 66.93, 66.93, 0],
		[670, "SW3_9_999", 7112.5, 1125, "B", "DIP", "SW3_9_", "", "C", 66.93, 66.93, 66.93, 0],
		[671, "SW3_9_999", 7312.5, 1125, "T", "DIP", "SW3_9_A_", "", "C", 157.48, 157.48, 157.48, 0],
		[672, "SW3_9_999", 7312.5, 1125, "B", "DIP", "SW3_9_A_", "", "C", 157.48, 157.48, 157.48, 0],
		[673, "SW3_9_999", 7512.5, 1125, "T", "DIP", "SW3_9_B_", "", "C", 66.93, 66.93, 66.93, 0],
		[674, "SW3_9_999", 7512.5, 1125, "B", "DIP", "SW3_9_B_", "", "C", 66.93, 66.93, 66.93, 0],
		[675, "SW3_10_1", 8162.5, 1325, "T", "DIP", "K3_10", "", "C", 86.61, 86.61, 59.06, 0],
		[676, "SW3_10_1", 8162.5, 1325, "B", "DIP", "K3_10", "", "C", 86.61, 86.61, 59.06, 0],
		[677, "SW3_10_2", 7912.5, 1225, "T", "DIP", "GND", "GND", "C", 86.61, 86.61, 59.06, 0],
		[678, "SW3_10_2", 7912.5, 1225, "B", "DIP", "GND", "GND", "C", 86.61, 86.61, 59.06, 0],
		[679, "SW3_10_999", 7862.5, 1125, "T", "DIP", "SW3_10_", "", "C", 66.93, 66.93, 66.93, 0],
		[680, "SW3_10_999", 7862.5, 1125, "B", "DIP", "SW3_10_", "", "C", 66.93, 66.93, 66.93, 0],
		[681, "SW3_10_999", 8062.5, 1125, "T", "DIP", "SW3_10_A_", "", "C", 157.48, 157.48, 157.48, 0],
		[682, "SW3_10_999", 8062.5, 1125, "B", "DIP", "SW3_10_A_", "", "C", 157.48, 157.48, 157.48, 0],
		[683, "SW3_10_999", 8262.5, 1125, "T", "DIP", "SW3_10_B_", "", "C", 66.93, 66.93, 66.93, 0],
		[684, "SW3_10_999", 8262.5, 1125, "B", "DIP", "SW3_10_B_", "", "C", 66.93, 66.93, 66.93, 0],
		[685, "SW3_11_1", 8912.5, 1325, "T", "DIP", "K3_11", "", "C", 86.61, 86.61, 59.06, 0],
		[686, "SW3_11_1", 8912.5, 1325, "B", "DIP", "K3_11", "", "C", 86.61, 86.61, 59.06, 0],
		[687, "SW3_11_2", 8662.5, 1225, "T", "DIP", "GND", "GND", "C", 86.61, 86.61, 59.06, 0],
		[688, "SW3_11_2", 8662.5, 1225, "B", "DIP", "GND", "GND", "C", 86.61, 86.61, 59.06, 0],
		[689, "SW3_11_999", 8612.5, 1125, "T", "DIP", "SW3_11_", "", "C", 66.93, 66.93, 66.93, 0],
		[690, "SW3_11_999", 8612.5, 1125, "B", "DIP", "SW3_11_", "", "C", 66.93, 66.93, 66.93, 0],
		[691, "SW3_11_999", 8812.5, 1125, "T", "DIP", "SW3_11_A_", "", "C", 157.48, 157.48, 157.48, 0],
		[692, "SW3_11_999", 8812.5, 1125, "B", "DIP", "SW3_11_A_", "", "C", 157.48, 157.48, 157.48, 0],
		[693, "SW3_11_999", 9012.5, 1125, "T", "DIP", "SW3_11_B_", "", "C", 66.93, 66.93, 66.93, 0],
		[694, "SW3_11_999", 9012.5, 1125, "B", "DIP", "SW3_11_B_", "", "C", 66.93, 66.93, 66.93, 0],
		[695, "SW3_12-13_1", 9943.75, 1325, "T", "DIP", "K3_12", "", "C", 86.61, 86.61, 59.06, 0],
		[696, "SW3_12-13_1", 9943.75, 1325, "B", "DIP", "K3_12", "", "C", 86.61, 86.61, 59.06, 0],
		[697, "SW3_12-13_1", 10318.75, 1325, "T", "DIP", "K3_12", "", "C", 86.61, 86.61, 59.06, 0],
		[698, "SW3_12-13_1", 10318.75, 1325, "B", "DIP", "K3_12", "", "C", 86.61, 86.61, 59.06, 0],
		[699, "SW3_12-13_2", 9693.75, 1225, "T", "DIP", "GND", "GND", "C", 86.61, 86.61, 59.06, 0],
		[700, "SW3_12-13_2", 9693.75, 1225, "B", "DIP", "GND", "GND", "C", 86.61, 86.61, 59.06, 0],
		[701, "SW3_12-13_2", 10068.75, 1225, "T", "DIP", "GND", "GND", "C", 86.61, 86.61, 59.06, 0],
		[702, "SW3_12-13_2", 10068.75, 1225, "B", "DIP", "GND", "GND", "C", 86.61, 86.61, 59.06, 0],
		[703, "SW3_12-13_3", 10974.95, 1325, "T", "DIP", "K3_13", "", "C", 86.61, 86.61, 59.06, 0],
		[704, "SW3_12-13_3", 10974.95, 1325, "B", "DIP", "K3_13", "", "C", 86.61, 86.61, 59.06, 0],
		[705, "SW3_12-13_4", 10724.95, 1225, "T", "DIP", "GND", "GND", "C", 86.61, 86.61, 59.06, 0],
		[706, "SW3_12-13_4", 10724.95, 1225, "B", "DIP", "GND", "GND", "C", 86.61, 86.61, 59.06, 0],
		[707, "SW3_12-13_999", 10674.95, 1125, "T", "DIP", "SW3_12-13_", "", "C", 66.93, 66.93, 66.93, 0],
		[708, "SW3_12-13_999", 10674.95, 1125, "B", "DIP", "SW3_12-13_", "", "C", 66.93, 66.93, 66.93, 0],
		[709, "SW3_12-13_999", 10218.75, 1125, "T", "DIP", "SW3_12-13_A_", "", "C", 157.48, 157.48, 157.48, 0],
		[710, "SW3_12-13_999", 10218.75, 1125, "B", "DIP", "SW3_12-13_A_", "", "C", 157.48, 157.48, 157.48, 0],
		[711, "SW3_12-13_999", 9750.25, 800.59, "T", "DIP", "SW3_12-13_B_", "", "C", 157.48, 157.48, 157.48, 0],
		[712, "SW3_12-13_999", 9750.25, 800.59, "B", "DIP", "SW3_12-13_B_", "", "C", 157.48, 157.48, 157.48, 0],
		[713, "SW3_12-13_999", 11074.95, 1125, "T", "DIP", "SW3_12-13_C_", "", "C", 66.93, 66.93, 66.93, 0],
		[714, "SW3_12-13_999", 11074.95, 1125, "B", "DIP", "SW3_12-13_C_", "", "C", 66.93, 66.93, 66.93, 0],
		[715, "SW3_12-13_999", 9750.25, 1400.59, "T", "DIP", "SW3_12-13_D_", "", "C", 120.08, 120.08, 120.08, 0],
		[716, "SW3_12-13_999", 9750.25, 1400.59, "B", "DIP", "SW3_12-13_D_", "", "C", 120.08, 120.08, 120.08, 0],
		[717, "SW3_12-13_999", 10687.25, 800.59, "T", "DIP", "SW3_12-13_E_", "", "C", 157.48, 157.48, 157.48, 0],
		[718, "SW3_12-13_999", 10687.25, 800.59, "B", "DIP", "SW3_12-13_E_", "", "C", 157.48, 157.48, 157.48, 0],
		[719, "SW3_12-13_999", 10043.75, 1125, "T", "DIP", "SW3_12-13_F_", "", "C", 66.93, 66.93, 66.93, 0],
		[720, "SW3_12-13_999", 10043.75, 1125, "B", "DIP", "SW3_12-13_F_", "", "C", 66.93, 66.93, 66.93, 0],
		[721, "SW3_12-13_999", 10687.25, 1400.59, "T", "DIP", "SW3_12-13_G_", "", "C", 120.08, 120.08, 120.08, 0],
		[722, "SW3_12-13_999", 10687.25, 1400.59, "B", "DIP", "SW3_12-13_G_", "", "C", 120.08, 120.08, 120.08, 0],
		[723, "SW3_12-13_999", 9843.75, 1125, "T", "DIP", "SW3_12-13_H_", "", "C", 157.48, 157.48, 157.48, 0],
		[724, "SW3_12-13_999", 9843.75, 1125, "B", "DIP", "SW3_12-13_H_", "", "C", 157.48, 157.48, 157.48, 0],
		[725, "SW3_12-13_999", 10874.95, 1125, "T", "DIP", "SW3_12-13_I_", "", "C", 157.48, 157.48, 157.48, 0],
		[726, "SW3_12-13_999", 10874.95, 1125, "B", "DIP", "SW3_12-13_I_", "", "C", 157.48, 157.48, 157.48, 0],
		[727, "SW3_12-13_999", 10018.75, 1125, "T", "DIP", "SW3_12-13_J_", "", "C", 66.93, 66.93, 66.93, 0],
		[728, "SW3_12-13_999", 10018.75, 1125, "B", "DIP", "SW3_12-13_J_", "", "C", 66.93, 66.93, 66.93, 0],
		[729, "SW3_12-13_999", 10418.75, 1125, "T", "DIP", "SW3_12-13_K_", "", "C", 66.93, 66.93, 66.93, 0],
		[730, "SW3_12-13_999", 10418.75, 1125, "B", "DIP", "SW3_12-13_K_", "", "C", 66.93, 66.93, 66.93, 0],
		[731, "SW3_12-13_999", 9643.75, 1125, "T", "DIP", "SW3_12-13_L_", "", "C", 66.93, 66.93, 66.93, 0],
		[732, "SW3_12-13_999", 9643.75, 1125, "B", "DIP", "SW3_12-13_L_", "", "C", 66.93, 66.93, 66.93, 0],
		[733, "SW4_0_1", 568.75, 575, "T", "DIP", "K4_0", "", "C", 86.61, 86.61, 59.06, 0],
		[734, "SW4_0_1", 568.75, 575, "B", "DIP", "K4_0", "", "C", 86.61, 86.61, 59.06, 0],
		[735, "SW4_0_2", 318.75, 475, "T", "DIP", "GND", "GND", "C", 86.61, 86.61, 59.06, 0],
		[736, "SW4_0_2", 318.75, 475, "B", "DIP", "GND", "GND", "C", 86.61, 86.61, 59.06, 0],
		[737, "SW4_0_999", 468.75, 375, "T", "DIP", "SW4_0_", "", "C", 157.48, 157.48, 157.48, 0],
		[738, "SW4_0_999", 468.75, 375, "B", "DIP", "SW4_0_", "", "C", 157.48, 157.48, 157.48, 0],
		[739, "SW4_0_999", 668.75, 375, "T", "DIP", "SW4_0_A_", "", "C", 66.93, 66.93, 66.93, 0],
		[740, "SW4_0_999", 668.75, 375, "B", "DIP", "SW4_0_A_", "", "C", 66.93, 66.93, 66.93, 0],
		[741, "SW4_0_999", 268.75, 375, "T", "DIP", "SW4_0_B_", "", "C", 66.93, 66.93, 66.93, 0],
		[742, "SW4_0_999", 268.75, 375, "B", "DIP", "SW4_0_B_", "", "C", 66.93, 66.93, 66.93, 0],
		[743, "SW4_1_1", 1506.25, 575, "T", "DIP", "K4_1", "", "C", 86.61, 86.61, 59.06, 0],
		[744, "SW4_1_1", 1506.25, 575, "B", "DIP", "K4_1", "", "C", 86.61, 86.61, 59.06, 0],
		[745, "SW4_1_2", 1256.25, 475, "T", "DIP", "GND", "GND", "C", 86.61, 86.61, 59.06, 0],
		[746, "SW4_1_2", 1256.25, 475, "B", "DIP", "GND", "GND", "C", 86.61, 86.61, 59.06, 0],
		[747, "SW4_1_999", 1406.25, 375, "T", "DIP", "SW4_1_", "", "C", 157.48, 157.48, 157.48, 0],
		[748, "SW4_1_999", 1406.25, 375, "B", "DIP", "SW4_1_", "", "C", 157.48, 157.48, 157.48, 0],
		[749, "SW4_1_999", 1606.25, 375, "T", "DIP", "SW4_1_A_", "", "C", 66.93, 66.93, 66.93, 0],
		[750, "SW4_1_999", 1606.25, 375, "B", "DIP", "SW4_1_A_", "", "C", 66.93, 66.93, 66.93, 0],
		[751, "SW4_1_999", 1206.25, 375, "T", "DIP", "SW4_1_B_", "", "C", 66.93, 66.93, 66.93, 0],
		[752, "SW4_1_999", 1206.25, 375, "B", "DIP", "SW4_1_B_", "", "C", 66.93, 66.93, 66.93, 0],
		[753, "SW4_2_1", 2443.75, 575, "T", "DIP", "K4_2", "", "C", 86.61, 86.61, 59.06, 0],
		[754, "SW4_2_1", 2443.75, 575, "B", "DIP", "K4_2", "", "C", 86.61, 86.61, 59.06, 0],
		[755, "SW4_2_2", 2193.75, 475, "T", "DIP", "GND", "GND", "C", 86.61, 86.61, 59.06, 0],
		[756, "SW4_2_2", 2193.75, 475, "B", "DIP", "GND", "GND", "C", 86.61, 86.61, 59.06, 0],
		[757, "SW4_2_999", 2343.75, 375, "T", "DIP", "SW4_2_", "", "C", 157.48, 157.48, 157.48, 0],
		[758, "SW4_2_999", 2343.75, 375, "B", "DIP", "SW4_2_", "", "C", 157.48, 157.48, 157.48, 0],
		[759, "SW4_2_999", 2543.75, 375, "T", "DIP", "SW4_2_A_", "", "C", 66.93, 66.93, 66.93, 0],
		[760, "SW4_2_999", 2543.75, 375, "B", "DIP", "SW4_2_A_", "", "C", 66.93, 66.93, 66.93, 0],
		[761, "SW4_2_999", 2143.75, 375, "T", "DIP", "SW4_2_B_", "", "C", 66.93, 66.93, 66.93, 0],
		[762, "SW4_2_999", 2143.75, 375, "B", "DIP", "SW4_2_B_", "", "C", 66.93, 66.93, 66.93, 0],
		[763, "SW4_3_1", 5056.25, 175, "T", "DIP", "K4_3", "", "C", 86.61, 86.61, 59.06, 180],
		[764, "SW4_3_1", 5056.25, 175, "B", "DIP", "K4_3", "", "C", 86.61, 86.61, 59.06, 180],
		[765, "SW4_3_2", 5306.25, 275, "T", "DIP", "GND", "GND", "C", 86.61, 86.61, 59.06, 180],
		[766, "SW4_3_2", 5306.25, 275, "B", "DIP", "GND", "GND", "C", 86.61, 86.61, 59.06, 180],
		[767, "SW4_3_999", 3187.75, 99.41, "T", "DIP", "SW4_3_", "", "C", 120.08, 120.08, 120.08, 180],
		[768, "SW4_3_999", 3187.75, 99.41, "B", "DIP", "SW4_3_", "", "C", 120.08, 120.08, 120.08, 180],
		[769, "SW4_3_999", 5356.25, 375, "T", "DIP", "SW4_3_A_", "", "C", 66.93, 66.93, 66.93, 180],
		[770, "SW4_3_999", 5356.25, 375, "B", "DIP", "SW4_3_A_", "", "C", 66.93, 66.93, 66.93, 180],
		[771, "SW4_3_999", 4956.25, 375, "T", "DIP", "SW4_3_B_", "", "C", 66.93, 66.93, 66.93, 180],
		[772, "SW4_3_999", 4956.25, 375, "B", "DIP", "SW4_3_B_", "", "C", 66.93, 66.93, 66.93, 180],
		[773, "SW4_3_999", 3187.75, 699.41, "T", "DIP", "SW4_3_C_", "", "C", 157.48, 157.48, 157.48, 180],
		[774, "SW4_3_999", 3187.75, 699.41, "B", "DIP", "SW4_3_C_", "", "C", 157.48, 157.48, 157.48, 180],
		[775, "SW4_3_999", 7124.75, 99.41, "T", "DIP", "SW4_3_D_", "", "C", 120.08, 120.08, 120.08, 180],
		[776, "SW4_3_999", 7124.75, 99.41, "B", "DIP", "SW4_3_D_", "", "C", 120.08, 120.08, 120.08, 180],
		[777, "SW4_3_999", 7124.75, 699.41, "T", "DIP", "SW4_3_E_", "", "C", 157.48, 157.48, 157.48, 180],
		[778, "SW4_3_999", 7124.75, 699.41, "B", "DIP", "SW4_3_E_", "", "C", 157.48, 157.48, 157.48, 180],
		[779, "SW4_3_999", 5156.25, 375, "T", "DIP", "SW4_3_F_", "", "C", 157.48, 157.48, 157.48, 180],
		[780, "SW4_3_999", 5156.25, 375, "B", "DIP", "SW4_3_F_", "", "C", 157.48, 157.48, 157.48, 180],
		[781, "SW4_4-8_1", 8068.75, 575, "T", "DIP", "K4_4", "", "C", 86.61, 86.61, 59.06, 0],
		[782, "SW4_4-8_1", 8068.75, 575, "B", "DIP", "K4_4", "", "C", 86.61, 86.61, 59.06, 0],
		[783, "SW4_4-8_1", 7975, 575, "T", "DIP", "K4_4", "", "C", 86.61, 86.61, 59.06, 0],
		[784, "SW4_4-8_1", 7975, 575, "B", "DIP", "K4_4", "", "C", 86.61, 86.61, 59.06, 0],
		[785, "SW4_4-8_2", 7818.75, 475, "T", "DIP", "GND", "GND", "C", 86.61, 86.61, 59.06, 0],
		[786, "SW4_4-8_2", 7818.75, 475, "B", "DIP", "GND", "GND", "C", 86.61, 86.61, 59.06, 0],
		[787, "SW4_4-8_2", 7725, 475, "T", "DIP", "GND", "GND", "C", 86.61, 86.61, 59.06, 0],
		[788, "SW4_4-8_2", 7725, 475, "B", "DIP", "GND", "GND", "C", 86.61, 86.61, 59.06, 0],
		[789, "SW4_4-8_3", 8725, 575, "T", "DIP", "K4_5", "", "C", 86.61, 86.61, 59.06, 0],
		[790, "SW4_4-8_3", 8725, 575, "B", "DIP", "K4_5", "", "C", 86.61, 86.61, 59.06, 0],
		[791, "SW4_4-8_3", 9006.25, 575, "T", "DIP", "K4_5", "", "C", 86.61, 86.61, 59.06, 0],
		[792, "SW4_4-8_3", 9006.25, 575, "B", "DIP", "K4_5", "", "C", 86.61, 86.61, 59.06, 0],
		[793, "SW4_4-8_4", 8475, 475, "T", "DIP", "GND", "GND", "C", 86.61, 86.61, 59.06, 0],
		[794, "SW4_4-8_4", 8475, 475, "B", "DIP", "GND", "GND", "C", 86.61, 86.61, 59.06, 0],
		[795, "SW4_4-8_4", 8756.25, 475, "T", "DIP", "GND", "GND", "C", 86.61, 86.61, 59.06, 0],
		[796, "SW4_4-8_4", 8756.25, 475, "B", "DIP", "GND", "GND", "C", 86.61, 86.61, 59.06, 0],
		[797, "SW4_4-8_5", 9475, 575, "T", "DIP", "K4_6", "", "C", 86.61, 86.61, 59.06, 0],
		[798, "SW4_4-8_5", 9475, 575, "B", "DIP", "K4_6", "", "C", 86.61, 86.61, 59.06, 0],
		[799, "SW4_4-8_6", 9225, 475, "T", "DIP", "GND", "GND", "C", 86.61, 86.61, 59.06, 0],
		[800, "SW4_4-8_6", 9225, 475, "B", "DIP", "GND", "GND", "C", 86.61, 86.61, 59.06, 0],
		[801, "SW4_4-8_7", 9943.75, 575, "T", "DIP", "K4_7", "", "C", 86.61, 86.61, 59.06, 0],
		[802, "SW4_4-8_7", 9943.75, 575, "B", "DIP", "K4_7", "", "C", 86.61, 86.61, 59.06, 0],
		[803, "SW4_4-8_7", 10225, 575, "T", "DIP", "K4_7", "", "C", 86.61, 86.61, 59.06, 0],
		[804, "SW4_4-8_7", 10225, 575, "B", "DIP", "K4_7", "", "C", 86.61, 86.61, 59.06, 0],
		[805, "SW4_4-8_8", 9975, 475, "T", "DIP", "GND", "GND", "C", 86.61, 86.61, 59.06, 0],
		[806, "SW4_4-8_8", 9975, 475, "B", "DIP", "GND", "GND", "C", 86.61, 86.61, 59.06, 0],
		[807, "SW4_4-8_8", 9693.75, 475, "T", "DIP", "GND", "GND", "C", 86.61, 86.61, 59.06, 0],
		[808, "SW4_4-8_8", 9693.75, 475, "B", "DIP", "GND", "GND", "C", 86.61, 86.61, 59.06, 0],
		[809, "SW4_4-8_9", 10975, 575, "T", "DIP", "K4_8", "", "C", 86.61, 86.61, 59.06, 0],
		[810, "SW4_4-8_9", 10975, 575, "B", "DIP", "K4_8", "", "C", 86.61, 86.61, 59.06, 0],
		[811, "SW4_4-8_9", 10881.25, 575, "T", "DIP", "K4_8", "", "C", 86.61, 86.61, 59.06, 0],
		[812, "SW4_4-8_9", 10881.25, 575, "B", "DIP", "K4_8", "", "C", 86.61, 86.61, 59.06, 0],
		[813, "SW4_4-8_10", 10725, 475, "T", "DIP", "GND", "GND", "C", 86.61, 86.61, 59.06, 0],
		[814, "SW4_4-8_10", 10725, 475, "B", "DIP", "GND", "GND", "C", 86.61, 86.61, 59.06, 0],
		[815, "SW4_4-8_10", 10631.25, 475, "T", "DIP", "GND", "GND", "C", 86.61, 86.61, 59.06, 0],
		[816, "SW4_4-8_10", 10631.25, 475, "B", "DIP", "GND", "GND", "C", 86.61, 86.61, 59.06, 0],
		[817, "SW4_4-8_999", 8825, 375, "T", "DIP", "SW4_4-8_", "", "C", 66.93, 66.93, 66.93, 0],
		[818, "SW4_4-8_999", 8825, 375, "B", "DIP", "SW4_4-8_", "", "C", 66.93, 66.93, 66.93, 0],
		[819, "SW4_4-8_999", 10581.25, 375, "T", "DIP", "SW4_4-8_A_", "", "C", 66.93, 66.93, 66.93, 0],
		[820, "SW4_4-8_999", 10581.25, 375, "B", "DIP", "SW4_4-8_A_", "", "C", 66.93, 66.93, 66.93, 0],
		[821, "SW4_4-8_999", 7675, 375, "T", "DIP", "SW4_4-8_B_", "", "C", 66.93, 66.93, 66.93, 0],
		[822, "SW4_4-8_999", 7675, 375, "B", "DIP", "SW4_4-8_B_", "", "C", 66.93, 66.93, 66.93, 0],
		[823, "SW4_4-8_999", 9925, 375, "T", "DIP", "SW4_4-8_C_", "", "C", 66.93, 66.93, 66.93, 0],
		[824, "SW4_4-8_999", 9925, 375, "B", "DIP", "SW4_4-8_C_", "", "C", 66.93, 66.93, 66.93, 0],
		[825, "SW4_4-8_999", 9175, 375, "T", "DIP", "SW4_4-8_D_", "", "C", 66.93, 66.93, 66.93, 0],
		[826, "SW4_4-8_999", 9175, 375, "B", "DIP", "SW4_4-8_D_", "", "C", 66.93, 66.93, 66.93, 0],
		[827, "SW4_4-8_999", 10981.25, 375, "T", "DIP", "SW4_4-8_E_", "", "C", 66.93, 66.93, 66.93, 0],
		[828, "SW4_4-8_999", 10981.25, 375, "B", "DIP", "SW4_4-8_E_", "", "C", 66.93, 66.93, 66.93, 0],
		[829, "SW4_4-8_999", 8075, 375, "T", "DIP", "SW4_4-8_F_", "", "C", 66.93, 66.93, 66.93, 0],
		[830, "SW4_4-8_999", 8075, 375, "B", "DIP", "SW4_4-8_F_", "", "C", 66.93, 66.93, 66.93, 0],
		[831, "SW4_4-8_999", 8906.25, 375, "T", "DIP", "SW4_4-8_G_", "", "C", 157.48, 157.48, 157.48, 0],
		[832, "SW4_4-8_999", 8906.25, 375, "B", "DIP", "SW4_4-8_G_", "", "C", 157.48, 157.48, 157.48, 0],
		[833, "SW4_4-8_999", 7968.75, 375, "T", "DIP", "SW4_4-8_H_", "", "C", 157.48, 157.48, 157.48, 0],
		[834, "SW4_4-8_999", 7968.75, 375, "B", "DIP", "SW4_4-8_H_", "", "C", 157.48, 157.48, 157.48, 0],
		[835, "SW4_4-8_999", 8625, 375, "T", "DIP", "SW4_4-8_I_", "", "C", 157.48, 157.48, 157.48, 0],
		[836, "SW4_4-8_999", 8625, 375, "B", "DIP", "SW4_4-8_I_", "", "C", 157.48, 157.48, 157.48, 0],
		[837, "SW4_4-8_999", 7768.75, 375, "T", "DIP", "SW4_4-8_J_", "", "C", 66.93, 66.93, 66.93, 0],
		[838, "SW4_4-8_999", 7768.75, 375, "B", "DIP", "SW4_4-8_J_", "", "C", 66.93, 66.93, 66.93, 0],
		[839, "SW4_4-8_999", 9843.75, 375, "T", "DIP", "SW4_4-8_K_", "", "C", 157.48, 157.48, 157.48, 0],
		[840, "SW4_4-8_999", 9843.75, 375, "B", "DIP", "SW4_4-8_K_", "", "C", 157.48, 157.48, 157.48, 0],
		[841, "SW4_4-8_999", 10675, 375, "T", "DIP", "SW4_4-8_L_", "", "C", 66.93, 66.93, 66.93, 0],
		[842, "SW4_4-8_999", 10675, 375, "B", "DIP", "SW4_4-8_L_", "", "C", 66.93, 66.93, 66.93, 0],
		[843, "SW4_4-8_999", 10781.25, 375, "T", "DIP", "SW4_4-8_M_", "", "C", 157.48, 157.48, 157.48, 0],
		[844, "SW4_4-8_999", 10781.25, 375, "B", "DIP", "SW4_4-8_M_", "", "C", 157.48, 157.48, 157.48, 0],
		[845, "SW4_4-8_999", 10043.75, 375, "T", "DIP", "SW4_4-8_N_", "", "C", 66.93, 66.93, 66.93, 0],
		[846, "SW4_4-8_999", 10043.75, 375, "B", "DIP", "SW4_4-8_N_", "", "C", 66.93, 66.93, 66.93, 0],
		[847, "SW4_4-8_999", 8168.75, 375, "T", "DIP", "SW4_4-8_O_", "", "C", 66.93, 66.93, 66.93, 0],
		[848, "SW4_4-8_999", 8168.75, 375, "B", "DIP", "SW4_4-8_O_", "", "C", 66.93, 66.93, 66.93, 0],
		[849, "SW4_4-8_999", 10325, 375, "T", "DIP", "SW4_4-8_P_", "", "C", 66.93, 66.93, 66.93, 0],
		[850, "SW4_4-8_999", 10325, 375, "B", "DIP", "SW4_4-8_P_", "", "C", 66.93, 66.93, 66.93, 0],
		[851, "SW4_4-8_999", 7875, 375, "T", "DIP", "SW4_4-8_Q_", "", "C", 157.48, 157.48, 157.48, 0],
		[852, "SW4_4-8_999", 7875, 375, "B", "DIP", "SW4_4-8_Q_", "", "C", 157.48, 157.48, 157.48, 0],
		[853, "SW4_4-8_999", 9375, 375, "T", "DIP", "SW4_4-8_R_", "", "C", 157.48, 157.48, 157.48, 0],
		[854, "SW4_4-8_999", 9375, 375, "B", "DIP", "SW4_4-8_R_", "", "C", 157.48, 157.48, 157.48, 0],
		[855, "SW4_4-8_999", 11075, 375, "T", "DIP", "SW4_4-8_S_", "", "C", 66.93, 66.93, 66.93, 0],
		[856, "SW4_4-8_999", 11075, 375, "B", "DIP", "SW4_4-8_S_", "", "C", 66.93, 66.93, 66.93, 0],
		[857, "SW4_4-8_999", 10875, 375, "T", "DIP", "SW4_4-8_T_", "", "C", 157.48, 157.48, 157.48, 0],
		[858, "SW4_4-8_999", 10875, 375, "B", "DIP", "SW4_4-8_T_", "", "C", 157.48, 157.48, 157.48, 0],
		[859, "SW4_4-8_999", 9106.25, 375, "T", "DIP", "SW4_4-8_U_", "", "C", 66.93, 66.93, 66.93, 0],
		[860, "SW4_4-8_999", 9106.25, 375, "B", "DIP", "SW4_4-8_U_", "", "C", 66.93, 66.93, 66.93, 0],
		[861, "SW4_4-8_999", 9575, 375, "T", "DIP", "SW4_4-8_V_", "", "C", 66.93, 66.93, 66.93, 0],
		[862, "SW4_4-8_999", 9575, 375, "B", "DIP", "SW4_4-8_V_", "", "C", 66.93, 66.93, 66.93, 0],
		[863, "SW4_4-8_999", 8425, 375, "T", "DIP", "SW4_4-8_W_", "", "C", 66.93, 66.93, 66.93, 0],
		[864, "SW4_4-8_999", 8425, 375, "B", "DIP", "SW4_4-8_W_", "", "C", 66.93, 66.93, 66.93, 0],
		[865, "SW4_4-8_999", 8706.25, 375, "T", "DIP", "SW4_4-8_X_", "", "C", 66.93, 66.93, 66.93, 0],
		[866, "SW4_4-8_999", 8706.25, 375, "B", "DIP", "SW4_4-8_X_", "", "C", 66.93, 66.93, 66.93, 0],
		[867, "SW4_4-8_999", 9643.75, 375, "T", "DIP", "SW4_4-8_Y_", "", "C", 66.93, 66.93, 66.93, 0],
		[868, "SW4_4-8_999", 9643.75, 375, "B", "DIP", "SW4_4-8_Y_", "", "C", 66.93, 66.93, 66.93, 0],
		[869, "SW4_4-8_999", 10125, 375, "T", "DIP", "SW4_4-8_Z_", "", "C", 157.48, 157.48, 157.48, 0],
		[870, "SW4_4-8_999", 10125, 375, "B", "DIP", "SW4_4-8_Z_", "", "C", 157.48, 157.48, 157.48, 0],
		[871, "U1_1", 9824.02, 3909.45, "T", "SMD", "GND", "GND", "R", 78.74, 59.06, 0, 180],
		[872, "U1_2", 9824.02, 4000, "T", "SMD", "+3V3", "", "R", 78.74, 59.06, 0, 180],
		[873, "U1_2", 9575.98, 4000, "T", "SMD", "+3V3", "", "R", 78.74, 149.61, 0, 180],
		[874, "U1_3", 9824.02, 4090.55, "T", "SMD", "+5V", "", "R", 78.74, 59.06, 0, 180],
		[875, "U2_1", 5244.3, 4203.37, "T", "SMD", "K3_2", "", "R", 62.99, 11.81, 0, 45],
		[876, "U2_2", 5258.22, 4189.45, "T", "SMD", "K2_2", "", "R", 62.99, 11.81, 0, 45],
		[877, "U2_3", 5272.14, 4175.53, "T", "SMD", "K1_3", "", "R", 62.99, 11.81, 0, 45],
		[878, "U2_4", 5286.06, 4161.61, "T", "SMD", "K0_4", "", "R", 62.99, 11.81, 0, 45],
		[879, "U2_5", 5299.98, 4147.69, "T", "SMD", "K4_2", "", "R", 62.99, 11.81, 0, 45],
		[880, "U2_6", 5313.9, 4133.77, "T", "SMD", "+3V3", "", "R", 62.99, 11.81, 0, 45],
		[881, "U2_7", 5327.82, 4119.85, "T", "SMD", "K3_3", "", "R", 62.99, 11.81, 0, 45],
		[882, "U2_8", 5341.74, 4105.93, "T", "SMD", "UNCONNECTED-(U2-PAD8)", "", "R", 62.99, 11.81, 0, 45],
		[883, "U2_9", 5355.66, 4092.01, "T", "SMD", "UNCONNECTED-(U2-PAD9)", "", "R", 62.99, 11.81, 0, 45],
		[884, "U2_10", 5369.58, 4078.1, "T", "SMD", "K2_3", "", "R", 62.99, 11.81, 0, 45],
		[885, "U2_11", 5383.5, 4064.18, "T", "SMD", "K1_4", "", "R", 62.99, 11.81, 0, 45],
		[886, "U2_12", 5397.42, 4050.26, "T", "SMD", "UNCONNECTED-(U2-PAD12)", "", "R", 62.99, 11.81, 0, 45],
		[887, "U2_13", 5411.34, 4036.34, "T", "SMD", "UNCONNECTED-(U2-PAD13)", "", "R", 62.99, 11.81, 0, 45],
		[888, "U2_14", 5425.26, 4022.42, "T", "SMD", "RESET", "", "R", 62.99, 11.81, 0, 45],
		[889, "U2_15", 5439.18, 4008.5, "T", "SMD", "K0_5", "", "R", 62.99, 11.81, 0, 45],
		[890, "U2_16", 5453.1, 3994.58, "T", "SMD", "K3_4", "", "R", 62.99, 11.81, 0, 45],
		[891, "U2_17", 5467.01, 3980.66, "T", "SMD", "K2_4", "", "R", 62.99, 11.81, 0, 45],
		[892, "U2_18", 5480.93, 3966.74, "T", "SMD", "K1_5", "", "R", 62.99, 11.81, 0, 45],
		[893, "U2_19", 5494.85, 3952.82, "T", "SMD", "K0_6", "", "R", 62.99, 11.81, 0, 45],
		[894, "U2_20", 5508.77, 3938.9, "T", "SMD", "GND", "GND", "R", 62.99, 11.81, 0, 45],
		[895, "U2_21", 5522.69, 3924.98, "T", "SMD", "+3V3", "", "R", 62.99, 11.81, 0, 45],
		[896, "U2_22", 5536.61, 3911.06, "T", "SMD", "K3_5", "", "R", 62.99, 11.81, 0, 45],
		[897, "U2_23", 5550.53, 3897.14, "T", "SMD", "K2_5", "", "R", 62.99, 11.81, 0, 45],
		[898, "U2_24", 5564.45, 3883.22, "T", "SMD", "K1_6", "", "R", 62.99, 11.81, 0, 45],
		[899, "U2_25", 5578.37, 3869.3, "T", "SMD", "K0_7", "", "R", 62.99, 11.81, 0, 45],
		[900, "U2_26", 5671.63, 3869.3, "T", "SMD", "K2_6", "", "R", 11.81, 62.99, 0, 45],
		[901, "U2_27", 5685.55, 3883.22, "T", "SMD", "GND", "GND", "R", 11.81, 62.99, 0, 45],
		[902, "U2_28", 5699.47, 3897.14, "T", "SMD", "+3V3", "", "R", 11.81, 62.99, 0, 45],
		[903, "U2_29", 5713.39, 3911.06, "T", "SMD", "K3_6", "", "R", 11.81, 62.99, 0, 45],
		[904, "U2_30", 5727.31, 3924.98, "T", "SMD", "K4_3", "", "R", 11.81, 62.99, 0, 45],
		[905, "U2_31", 5741.23, 3938.9, "T", "SMD", "K3_7", "", "R", 11.81, 62.99, 0, 45],
		[906, "U2_32", 5755.15, 3952.82, "T", "SMD", "K1_7", "", "R", 11.81, 62.99, 0, 45],
		[907, "U2_33", 5769.07, 3966.74, "T", "SMD", "K2_7", "", "R", 11.81, 62.99, 0, 45],
		[908, "U2_34", 5782.99, 3980.66, "T", "SMD", "K3_8", "", "R", 11.81, 62.99, 0, 45],
		[909, "U2_35", 5796.9, 3994.58, "T", "SMD", "K0_8", "", "R", 11.81, 62.99, 0, 45],
		[910, "U2_36", 5810.82, 4008.5, "T", "SMD", "K1_8", "", "R", 11.81, 62.99, 0, 45],
		[911, "U2_37", 5824.74, 4022.42, "T", "SMD", "K2_8", "", "R", 11.81, 62.99, 0, 45],
		[912, "U2_38", 5838.66, 4036.34, "T", "SMD", "K3_9", "", "R", 11.81, 62.99, 0, 45],
		[913, "U2_39", 5852.58, 4050.26, "T", "SMD", "K4_4", "", "R", 11.81, 62.99, 0, 45],
		[914, "U2_40", 5866.5, 4064.18, "T", "SMD", "K0_9", "", "R", 11.81, 62.99, 0, 45],
		[915, "U2_41", 5880.42, 4078.1, "T", "SMD", "K1_9", "", "R", 11.81, 62.99, 0, 45],
		[916, "U2_42", 5894.34, 4092.01, "T", "SMD", "K2_9", "", "R", 11.81, 62.99, 0, 45],
		[917, "U2_43", 5908.26, 4105.93, "T", "SMD", "K3_10", "", "R", 11.81, 62.99, 0, 45],
		[918, "U2_44", 5922.18, 4119.85, "T", "SMD", "K4_5", "", "R", 11.81, 62.99, 0, 45],
		[919, "U2_45", 5936.1, 4133.77, "T", "SMD", "K0_10", "", "R", 11.81, 62.99, 0, 45],
		[920, "U2_46", 5950.02, 4147.69, "T", "SMD", "K1_10", "", "R", 11.81, 62.99, 0, 45],
		[921, "U2_47", 5963.94, 4161.61, "T", "SMD", "K2_10", "", "R", 11.81, 62.99, 0, 45],
		[922, "U2_48", 5977.86, 4175.53, "T", "SMD", "K3_11", "", "R", 11.81, 62.99, 0, 45],
		[923, "U2_49", 5991.78, 4189.45, "T", "SMD", "GND", "GND", "R", 11.81, 62.99, 0, 45],
		[924, "U2_50", 6005.7, 4203.37, "T", "SMD", "+3V3", "", "R", 11.81, 62.99, 0, 45],
		[925, "U2_51", 6005.7, 4296.63, "T", "SMD", "K4_6", "", "R", 62.99, 11.81, 0, 45],
		[926, "U2_52", 5991.78, 4310.55, "T", "SMD", "K4_7", "", "R", 62.99, 11.81, 0, 45],
		[927, "U2_53", 5977.86, 4324.47, "T", "SMD", "K0_11", "", "R", 62.99, 11.81, 0, 45],
		[928, "U2_54", 5963.94, 4338.39, "T", "SMD", "K1_11", "", "R", 62.99, 11.81, 0, 45],
		[929, "U2_55", 5950.02, 4352.31, "T", "SMD", "K2_11", "", "R", 62.99, 11.81, 0, 45],
		[930, "U2_56", 5936.1, 4366.23, "T", "SMD", "K3_12", "", "R", 62.99, 11.81, 0, 45],
		[931, "U2_57", 5922.18, 4380.15, "T", "SMD", "K0_12", "", "R", 62.99, 11.81, 0, 45],
		[932, "U2_58", 5908.26, 4394.07, "T", "SMD", "K1_12", "", "R", 62.99, 11.81, 0, 45],
		[933, "U2_59", 5894.34, 4407.99, "T", "SMD", "K2_12", "", "R", 62.99, 11.81, 0, 45],
		[934, "U2_60", 5880.42, 4421.9, "T", "SMD", "K3_13", "", "R", 62.99, 11.81, 0, 45],
		[935, "U2_61", 5866.5, 4435.82, "T", "SMD", "K4_8", "", "R", 62.99, 11.81, 0, 45],
		[936, "U2_62", 5852.58, 4449.74, "T", "SMD", "K1_13", "", "R", 62.99, 11.81, 0, 45],
		[937, "U2_63", 5838.66, 4463.66, "T", "SMD", "K0_13", "", "R", 62.99, 11.81, 0, 45],
		[938, "U2_64", 5824.74, 4477.58, "T", "SMD", "K0_14", "", "R", 62.99, 11.81, 0, 45],
		[939, "U2_65", 5810.82, 4491.5, "T", "SMD", "ENC_SW", "", "R", 62.99, 11.81, 0, 45],
		[940, "U2_66", 5796.9, 4505.42, "T", "SMD", "ENC_A", "", "R", 62.99, 11.81, 0, 45],
		[941, "U2_67", 5782.99, 4519.34, "T", "SMD", "ENC_B", "", "R", 62.99, 11.81, 0, 45],
		[942, "U2_68", 5769.07, 4533.26, "T", "SMD", "PA9", "", "R", 62.99, 11.81, 0, 45],
		[943, "U2_69", 5755.15, 4547.18, "T", "SMD", "UNCONNECTED-(U2-PAD69)", "", "R", 62.99, 11.81, 0, 45],
		[944, "U2_70", 5741.23, 4561.1, "T", "SMD", "D_N", "", "R", 62.99, 11.81, 0, 45],
		[945, "U2_71", 5727.31, 4575.02, "T", "SMD", "D_P", "", "R", 62.99, 11.81, 0, 45],
		[946, "U2_72", 5713.39, 4588.94, "T", "SMD", "SWDIO", "", "R", 62.99, 11.81, 0, 45],
		[947, "U2_73", 5699.47, 4602.86, "T", "SMD", "UNCONNECTED-(U2-PAD73)", "", "R", 62.99, 11.81, 0, 45],
		[948, "U2_74", 5685.55, 4616.78, "T", "SMD", "GND", "GND", "R", 62.99, 11.81, 0, 45],
		[949, "U2_75", 5671.63, 4630.7, "T", "SMD", "+3V3", "", "R", 62.99, 11.81, 0, 45],
		[950, "U2_76", 5578.37, 4630.7, "T", "SMD", "SWCLK", "", "R", 11.81, 62.99, 0, 45],
		[951, "U2_77", 5564.45, 4616.78, "T", "SMD", "UNCONNECTED-(U2-PAD77)", "", "R", 11.81, 62.99, 0, 45],
		[952, "U2_78", 5550.53, 4602.86, "T", "SMD", "UNCONNECTED-(U2-PAD78)", "", "R", 11.81, 62.99, 0, 45],
		[953, "U2_79", 5536.61, 4588.94, "T", "SMD", "UNCONNECTED-(U2-PAD79)", "", "R", 11.81, 62.99, 0, 45],
		[954, "U2_80", 5522.69, 4575.02, "T", "SMD", "UNCONNECTED-(U2-PAD80)", "", "R", 11.81, 62.99, 0, 45],
		[955, "U2_81", 5508.77, 4561.1, "T", "SMD", "UNCONNECTED-(U2-PAD81)", "", "R", 11.81, 62.99, 0, 45],
		[956, "U2_82", 5494.85, 4547.18, "T", "SMD", "UNCONNECTED-(U2-PAD82)", "", "R", 11.81, 62.99, 0, 45],
		[957, "U2_83", 5480.93, 4533.26, "T", "SMD", "K0_0", "", "R", 11.81, 62.99, 0, 45],
		[958, "U2_84", 5467.01, 4519.34, "T", "SMD", "K1_0", "", "R", 11.81, 62.99, 0, 45],
		[959, "U2_85", 5453.1, 4505.42, "T", "SMD", "K0_1", "", "R", 11.81, 62.99, 0, 45],
		[960, "U2_86", 5439.18, 4491.5, "T", "SMD", "K2_0", "", "R", 11.81, 62.99, 0, 45],
		[961, "U2_87", 5425.26, 4477.58, "T", "SMD", "K3_0", "", "R", 11.81, 62.99, 0, 45],
		[962, "U2_88", 5411.34, 4463.66, "T", "SMD", "K1_1", "", "R", 11.81, 62.99, 0, 45],
		[963, "U2_89", 5397.42, 4449.74, "T", "SMD", "K0_2", "", "R", 11.81, 62.99, 0, 45],
		[964, "U2_90", 5383.5, 4435.82, "T", "SMD", "K4_0", "", "R", 11.81, 62.99, 0, 45],
		[965, "U2_91", 5369.58, 4421.9, "T", "SMD", "K3_1", "", "R", 11.81, 62.99, 0, 45],
		[966, "U2_92", 5355.66, 4407.99, "T", "SMD", "I2C_CLK", "", "R", 11.81, 62.99, 0, 45],
		[967, "U2_93", 5341.74, 4394.07, "T", "SMD", "I2C_DAT", "", "R", 11.81, 62.99, 0, 45],
		[968, "U2_94", 5327.82, 4380.15, "T", "SMD", "BOOT", "", "R", 11.81, 62.99, 0, 45],
		[969, "U2_95", 5313.9, 4366.23, "T", "SMD", "K2_1", "", "R", 11.81, 62.99, 0, 45],
		[970, "U2_96", 5299.98, 4352.31, "T", "SMD", "K1_2", "", "R", 11.81, 62.99, 0, 45],
		[971, "U2_97", 5286.06, 4338.39, "T", "SMD", "K0_3", "", "R", 11.81, 62.99, 0, 45],
		[972, "U2_98", 5272.14, 4324.47, "T", "SMD", "K4_1", "", "R", 11.81, 62.99, 0, 45],
		[973, "U2_99", 5258.22, 4310.55, "T", "SMD", "GND", "GND", "R", 11.81, 62.99, 0, 45],
		[974, "U2_100", 5244.3, 4296.63, "T", "SMD", "+3V3", "", "R", 11.81, 62.99, 0, 45]
	]
}
}